150,서울역(1),내부,승강기)엘리베이터 내부#1,B2-B1,섬식(상) 5-1,시청역방향 열차 5-1 플렛폼,사용가능
151,시청(1),내부,승강기)엘리베이터 내부#1,B2-B1,상행 3-2,종각역방향 열차 3-2플렛폼,사용가능
151,시청(1),내부,승강기)엘리베이터 내부#2,B2-B1,하행 8-3,서울역방향 열차 8-3플렛폼,사용가능
152,종각,내부,승강기)엘리베이터 내부#1,B2-B1,상행 6-4,종로 3가역 방향 열차 6-4번 플렛폼 ,사용가능
152,종각,내부,승강기)엘리베이터 내부#2,B2-B1,하행 4-4,종로 3가역 방향 열차 4-4번 플렛폼 ,사용가능
153,종로3가(1),내부,승강기)엘리베이터 내부#1,B2-B1,상행 4-4,종각역 방향 열차 4-4번 플렛폼,점검중
153,종로3가(1),내부,승강기)엘리베이터 내부#2,B2-B1,하행 6-4,종로 5가역 방향 열차 6-4번 플렛폼,점검중
154,종로5가,내부,승강기)엘리베이터 내부#1,B2-B1,상행 8-3,종로 3가역 방향 열차 8-3번 플렛폼,점검중
154,종로5가,내부,승강기)엘리베이터 내부#2,B2-B1,하행 3-2,동대문역 방향 열차 3-2번 플렛폼,점검중
155,동대문(1),내부,승강기)엘리베이터 내부#1,B2-B1,상행 10-4,동묘앞역 방향 열차 10-4번 플렛폼,사용가능
155,동대문(1),내부,승강기)엘리베이터 내부#2,B2-B1,하행 2-1,종로 5가역 방향 열차 2-1번 플렛폼,사용가능
156,신설동(1),내부,승강기)엘리베이터 내부#1,B2-B1,상행 3-4,제기동역 방향 열차 3-4번 플렛폼,사용가능
156,신설동(1),내부,승강기)엘리베이터 내부#2,B2-B1,하행 8-1,동묘앞역 방향 열차 8-1번 플렛폼,사용가능
157,제기동,내부,승강기)엘리베이터 내부#1,B2-B1,상행 9-4,청량리역 방향 열차 9-4번 플렛폼,사용가능
157,제기동,내부,승강기)엘리베이터 내부#2,B2-B1,하행 2-1,신설동역 방향 열차 2-1번 플렛폼,사용가능
159,동묘앞(1),내부,승강기)엘리베이터 내부#1,B1-4F,본관 건물,본관 건물,사용가능
159,동묘앞(1),내부,승강기)엘리베이터 내부#2,B2-BM2-B1,상행 10-3,신설동역 방향 열차 10-3번 플렛폼,사용가능
159,동묘앞(1),내부,승강기)엘리베이터 내부#3,B2-B1,상행 4-8,신설동역 방향 열차 4-8번 플렛폼,사용가능
159,동묘앞(1),내부,승강기)엘리베이터 내부#4,B2-B1,하행 7-3,동대문역 방향 열차 7-3번 플렛폼,보수중
159,동묘앞(1),내부,승강기)엘리베이터 내부#5,B2-B1,하행 1-2,동대문역 방향 열차 1-2번 플렛폼,보수중
201,시청(2),내부,승강기)엘리베이터 내부#1,B3-B2-B1,승강장,종각역 방향 열차 3-2번 플렛폼,사용가능
201,시청(2),내부,승강기)엘리베이터 내부#1,B3-B2-B1,승강장,서울역 방향 열차 8-3번 플렛폼,사용가능
202,을지로입구,내부,승강기)엘리베이터 내부#1,B2-B1,외선 5-3,시청역 방향 플렛폼 5-3번 플렛폼,사용가능
202,을지로입구,내부,승강기)엘리베이터 내부#2,B2-B1,내선 6-2,을지로 3가역 방향 열차 6-2번 플렛폼,사용가능
203,을지로3가(2),내부,승강기)엘리베이터 내부#1,B2-B1,외선 8-3,을지로 4가역 방향 열차 8-3번 플렛폼,사용가능
203,을지로3가(2),내부,승강기)엘리베이터 내부#2,B2-B1,내선 3-2,을지로입구역 방향 열차 3-2번 플렛폼,사용가능
204,을지로4가(2),내부,승강기)엘리베이터 내부#1,B2-B1,외선 3-2,을지로 3가역 방향 열차 3-2번 플렛폼,사용가능
204,을지로4가(2),내부,승강기)엘리베이터 내부#2,B2-B1,내선 8-3,동대문역사문화공원역 방향 8-4번 플렛폼,사용가능
205,동대문역사문화공원(2),내부,승강기)엘리베이터 내부#1,B2-B1,외선 8-3,을지로 4가역 방향 열차 8-3번 플렛폼,사용가능
205,동대문역사문화공원(2),내부,승강기)엘리베이터 내부#2,B2-B1,내선 3-2,을지로 3가역 방향 열차 3-2번 플렛폼,사용가능
206,신당(2),내부,승강기)엘리베이터 내부#1,B2-B1,외선 3-4,상왕십리역 방향 열차 3-2번 플렛폼,사용가능
206,신당(2),내부,승강기)엘리베이터 내부#2,B2-B1,내선 7-4,동대문역사문화공원역 방향 7-4번 플렛폼,사용가능
207,상왕십리,내부,승강기)엘리베이터 내부#1,B2-B1,외선 8-1,신당역 방향 열차 7-4번 플렛폼,사용가능
207,상왕십리,내부,승강기)엘리베이터 내부#2,B2-B1,내선 3-4,왕십리역 방향 열차 4-1번 플렛폼,사용가능
208,왕십리(2),내부,승강기)엘리베이터 내부#1,B3-B2,외선 3-2,상왕십리역 방향 열차 3-2번 플렛폼,사용가능
208,왕십리(2),내부,승강기)엘리베이터 내부#2,B3-B2,내선 3-4,한양대역 방향 열차 3-4번 플렛폼,사용가능
209,한양대,내부,승강기)엘리베이터 내부#1,F1-F2,승강장,왕십리역 방향 열차 3-1번 플렛폼,사용가능
210,뚝섬,내부,승강기)엘리베이터 내부#1,F2-F3,외선 7-1,한양대역 방향 열차 7-1번 플렛폼,사용가능
210,뚝섬,내부,승강기)엘리베이터 내부#2,F2-F3,내선 7-1,성수역 방향 열차 7-1번 플렛폼,사용가능
211,성수,내부,승강기)엘리베이터 내부#1,F2-F3,외선 7-1,뚝섬역 방향 열차 7-1번 플렛폼,사용가능
211,성수,내부,승강기)엘리베이터 내부#2,F2-F3,내선 4-4,건대입구역 방향 열차 4-4번 플렛폼,사용가능
212,건대입구(2),내부,승강기)엘리베이터 내부#1,F2-F3,승강장,상세정보 없음,사용가능
212,건대입구(2),내부,승강기)엘리베이터 내부#1,지상-F2-F3,7-3번 승강장,구의역 방향 열차 7-3번 플렛폼,보수중
213,구의,내부,승강기)엘리베이터 내부#1,F2-F3,승강장,강변역 방향 열차 4-3번 플렛폼,사용가능
213,구의,내부,승강기)엘리베이터 내부#1,F2-F3,승강장,건대입구역 방향 열차 7-3번 플렛폼,사용가능
214,강변,내부,승강기)엘리베이터 내부#1,F1-F2,외선 4-2,구의역 방향 열차 4-2번 플렛폼,사용가능
214,강변,내부,승강기)엘리베이터 내부#2,F1-F2,내선 7-3,잠실나루역 방향 열차 7-3번 플렛폼,사용가능
215,잠실나루,내부,승강기)엘리베이터 내부#1,F1-F2,외선 3-4,강변역 방향 열차 3-4번 플렛폼,사용가능
215,잠실나루,내부,승강기)엘리베이터 내부#2,F1-F2,내선 8-1,잠실역 방향 열차 8-1번 플렛폼,사용가능
216,잠실(2),내부,승강기)엘리베이터 내부#1,B2-B1,외선 5-2,잠실나루역 방향 열차 5-2번 플렛폼,사용가능
216,잠실(2),내부,승강기)엘리베이터 내부#2,B2-B1,내선 6-3,잠실새내역 방향 열차 6-3번 플렛폼,사용가능
217,잠실새내,내부,승강기)엘리베이터 내부#1,B2-B1,외선 7-3,잠실역 방향 열차 7-3번 플렛폼,사용가능
217,잠실새내,내부,승강기)엘리베이터 내부#2,B2-B1,내선 4-1,종합운동장역 방향 열차 4-1번 플렛폼,사용가능
218,종합운동장(2),내부,승강기)엘리베이터 내부#1,B2-B1,외선 2-4,잠실새내역 방향 열차 2-4번 플렛폼,사용가능
218,종합운동장(2),내부,승강기)엘리베이터 내부#2,B2-B1,내선 8-4,삼성역 방향 열차 8-4번 플렛폼,사용가능
219,삼성,내부,승강기)엘리베이터 내부#1,B2-B1,승강장,선릉역 방향 열차 8-3번 플렛폼,사용가능
220,선릉(2),내부,승강기)엘리베이터 내부#1,B1-F1,내부,역삼역 방향 열차 3-4번 플렛폼,사용가능
220,선릉(2),내부,승강기)엘리베이터 내부#2,B1-F1,내부,역삼역 방향 열차 8-1번 플렛폼,사용가능
220,선릉(2),내부,승강기)엘리베이터 내부#3,B1-F1,내부,삼성역 방향 열차 3-4번 플렛폼,사용가능
220,선릉(2),내부,승강기)엘리베이터 내부#4,B1-F1,내부,삼성역 방향 열차 8-1번 플렛폼,사용가능
221,역삼,내부,승강기)엘리베이터 내부#1,B2-B1,외선 7-3,선릉역 방향 열차 7-3번 플렛폼,사용가능
221,역삼,내부,승강기)엘리베이터 내부#2,B2-B1,내선 4-1,강남역 방향 열차 4-1번 플렛폼,사용가능
222,강남(2),내부,승강기)엘리베이터 내부#1,B2-B1,외선 8-1,역삼역 방향 열차 8-1번 플렛폼,사용가능
222,강남(2),내부,승강기)엘리베이터 내부#2,B2-B1,내선 3-4,교대역 방향 열차 3-4번 플렛폼,사용가능
223,교대(2),내부,승강기)엘리베이터 내부#1,B2-B1,외선 8-4,강남역 방향 열차 8-4번 플렛폼,사용가능
223,교대(2),내부,승강기)엘리베이터 내부#2,B2-B1,내선 3-1,서초역 방향 열차 3-1번 플렛폼,사용가능
224,서초,내부,승강기)엘리베이터 내부#1,B2-B1,외선 2-4,교대역 방향 열차 2-4번 플렛폼,사용가능
224,서초,내부,승강기)엘리베이터 내부#2,B2-B1,내선 9-1,방배역 방향 열차 9-1번 플렛폼,사용가능
225,방배,내부,승강기)엘리베이터 내부#1,B2-B1,외선 8-3,서초역 방향 열차 8-3번 플렛폼,사용가능
225,방배,내부,승강기)엘리베이터 내부#2,B2-B1,내선 3-1,사당역 방향 열차 3-1번 플렛폼,사용가능
226,사당(2),내부,승강기)엘리베이터 내부#1,B2-B1,승강장,낙성대역 방향 열차 6-3번 플렛폼,사용가능
226,사당(2),내부,승강기)엘리베이터 내부#1,B2-B1,승강장,방배역 방향 열차 4-4번 플렛폼,사용가능
227,낙성대,내부,승강기)엘리베이터 내부#1,B2-B1,외선 8-2,사당역 방향 열차 8-2번 플렛폼,사용가능
227,낙성대,내부,승강기)엘리베이터 내부#2,B2-B1,내선 3-3,서울대입구역 방향 열차 3-3번 플렛폼,사용가능
228,서울대입구,내부,승강기)엘리베이터 내부#1,B2-B1,승강장,봉천역 방향 열차 5-1번 플렛폼,사용가능
229,봉천,내부,승강기)엘리베이터 내부#1,B2-B1,승강장,신림역 방향 열차 5-1번 플렛폼,사용가능
230,신림,내부,승강기)엘리베이터 내부#1,B2-B1,승강장,신대방역 방향 열차 7-1번 플렛폼,사용가능
231,신대방,내부,승강기)엘리베이터 내부#1,F2-F3,외선 3-4,신림역 방향 열차 3-4번 플렛폼,사용가능
231,신대방,내부,승강기)엘리베이터 내부#2,F2-F3,내선 8-1,구로디지털단지역 방향 열차 8-1번 플렛폼,사용가능
232,구로디지털단지,내부,승강기)엘리베이터 내부#1,지상-F2,외선 3-4,신대방역 방향 열차 3-4번 플렛폼,사용가능
232,구로디지털단지,내부,승강기)엘리베이터 내부#2,F2-F3,내선 7-4,대림역 방향 열차 7-4번 플렛폼,사용가능
233,대림(2),내부,승강기)엘리베이터 내부#1,F2-F3,외선 3-2,구로디지털단지역 방향 열차 3-2번 플렛폼,사용가능
233,대림(2),내부,승강기)엘리베이터 내부#2,F2-F3,내선 8-3,신도림역 방향 열차 8-3번 플렛폼,사용가능
234,신도림(2),내부,승강기)엘리베이터 내부#1,B2-B1,섬식 3-2,대림역 방향 열차 3-2번 플렛폼,사용가능
234,신도림(2),내부,승강기)엘리베이터 내부#1,B2-B1,섬식 3-2,문래역 방향 열차 3-2번 플렛폼,사용가능
234,신도림(2),내부,승강기)엘리베이터 내부#2,B2-B1,섬식 4-4,상세설명 없음,사용가능
235,문래,내부,승강기)엘리베이터 내부#1,B2-B1,외선 7-4,신도림역 방향 열차 7-4번 플렛폼,사용가능
235,문래,내부,승강기)엘리베이터 내부#2,B2-B1,내선 4-1,영등포구청역 방향 열차 3-4번 플렛폼,사용가능
236,영등포구청(2),내부,승강기)엘리베이터 내부#1,B2-B1,외선 8-4,문래역 방향 열차 8-4번 플렛폼,사용가능
236,영등포구청(2),내부,승강기)엘리베이터 내부#2,B2-B1,내선 3-1,당산역 방향 열차 3-2번 플렛폼,사용가능
237,당산(2),내부,승강기)엘리베이터 내부#1,F2-F3,외선 8-3,영등포구청역 방향 열차 8-3번 플렛폼,사용가능
237,당산(2),내부,승강기)엘리베이터 내부#1,F2-F3,외선 8-3,영등포구청역 방향 열차 1-2번 플렛폼,사용가능
237,당산(2),내부,승강기)엘리베이터 내부#2,F2-F3,내선 10-2,합정역 방향 열차 10-2번 플렛폼,사용가능
237,당산(2),내부,승강기)엘리베이터 내부#2,F2-F3,내선 3-2,합정역 방향 열차 3-2번 플렛폼,사용가능
238,합정(2),내부,승강기)엘리베이터 내부#1,B2-B1,외선 4-1,당산역 방향 열차 4-1번 플렛폼,점검중
238,합정(2),내부,승강기)엘리베이터 내부#2,B2-B1,내선 7-3,홍대입구역 방향 열차 7-3번 플렛폼,점검중
239,홍대입구(2),내부,승강기)엘리베이터 내부#1,B2-B1,승강장,신촌역 방향 열차 4-2번 플렛폼,사용가능
240,신촌,내부,승강기)엘리베이터 내부#1,B2-B1,외선 8-4,홍대입구역 방향 열차 8-4번 플렛폼,사용가능
240,신촌,내부,승강기)엘리베이터 내부#2,B2-B1,내선 4-4,이대역 방향 열차 4-4번 플렛폼,사용가능
241,이대,내부,승강기)엘리베이터 내부#1,B2-B1,승강장,아현역 방향 열차 9-3번 플렛폼,사용가능
242,아현,내부,승강기)엘리베이터 내부#1,B2-B1,외선 7-2,이대역 방향 열차7-2번 플렛폼,보수중
242,아현,내부,승강기)엘리베이터 내부#2,B2-B1,내선 4-3,충정로역 방향 열차 4-3번 플렛폼,사용가능
243,충정로(2),내부,승강기)엘리베이터 내부#1,B3-B2,승강장,시청역 방향 열차 9-4번 플렛폼,사용가능
245,신답,내부,승강기)엘리베이터 내부#1,F1-F2,외선 2-4,용두역 방향 열차 2-4번 플렛폼,사용가능
245,신답,내부,승강기)엘리베이터 내부#2,F1-F2,내선 3-2,용답역 방향 열차 3-2번 플렛폼,사용가능
246,신설동(2),내부,승강기)엘리베이터 내부#1,B2-B1,승강장,상세정보 없음,사용가능
247,도림천,내부,승강기)엘리베이터 내부#1,B3-B2,승강장,상세정보 없음,사용가능
248,양천구청,내부,승강기)엘리베이터 내부#1,B2-B1,외선 4-1,신정네거리역 방향 열차 4-1번 플렛폼,사용가능
248,양천구청,내부,승강기)엘리베이터 내부#2,B2-B1,내선 3-3,도림천역 방향 열차 3-3번 플렛폼,사용가능
249,신정네거리,내부,승강기)엘리베이터 내부#1,B3-B2,외선 4-1,까치산역 방향 열차 4-1번 플렛폼,사용가능
249,신정네거리,내부,승강기)엘리베이터 내부#2,B3-B2,내선 3-4,양천구청역 방향 열차 3-4번 플렛폼,사용가능
250,용두,내부,승강기)엘리베이터 내부#1,B2-B1,외선 1-1,신답역 방향 열차 1-1번 플렛폼,보수중
250,용두,내부,승강기)엘리베이터 내부#2,B2-B1,내선 4-3,신설동역 방향 열차 4-3번 플렛폼,사용가능
309,지축,내부,승강기)엘리베이터 내부#1,F1-F2,승강장,삼송역 방향 열차 9-3번 플렛폼,사용가능
310,구파발,내부,승강기)엘리베이터 내부#1,B2-B1,승강장,지축역 방향 열차 2-1번 플렛폼,사용가능
310,구파발,내부,승강기)엘리베이터 내부#1,B2-B1,승강장,지축역 방향 열차 5-4번 플렛폼,사용가능
311,연신내(3),내부,승강기)엘리베이터 내부#1,B2-B1,승강장,구파발역 방향 열차 5-4번 플렛폼,사용가능
312,불광(3),내부,승강기)엘리베이터 내부#1,B2-B1,상행 3-3,연신내역 방향 열차 3-3번 플렛폼,사용가능
312,불광(3),내부,승강기)엘리베이터 내부#2,B2-B1,하행 8-2,녹번역 방향 열차 8-2번 플렛폼,사용가능
313,녹번,내부,승강기)엘리베이터 내부#1,B2-B1,승강장,불광역 방향 열차 3-1번 플렛폼,사용가능
314,홍제,내부,승강기)엘리베이터 내부#1,B3-B2,승강장,녹번역 방향 열차 3-4번 플렛폼,사용가능
315,무악재,내부,승강기)엘리베이터 내부#1,B3-B2,상행 3-3,홍제역 방향 열차 3-3번 플렛폼,사용가능
315,무악재,내부,승강기)엘리베이터 내부#2,B3-B2,하행 8-2,독립문역 방향 열차 8-2번 플렛폼,사용가능
316,독립문,내부,승강기)엘리베이터 내부#1,B3-B2,승강장,무악재역 방향 열차 8-4번 플렛폼,사용가능
317,경복궁,내부,승강기)엘리베이터 내부#1,B3-B2,승강장,독립문역 방향 열차 6-2번 플렛폼,사용가능
318,안국,내부,승강기)엘리베이터 내부#1,B3-B2,승강장,경복궁역 방향 플렛폼 3-2번 플렛폼,사용가능
319,종로3가(3),내부,승강기)엘리베이터 내부#2,B2-B1,승강장,을지로 3가역 방향 열차 4-3번 플렛폼,사용가능
319,종로3가(3),내부,승강기)엘리베이터 내부#1,B2-B1,승강장,안국역 방향 열차 5-1번 플렛폼,사용가능
320,을지로3가(3),내부,승강기)엘리베이터 내부#1,B3-B2-B1,승강장,상세정보 없음,사용가능
322,동대입구,내부,승강기)엘리베이터 내부#1,B3-B2,승강장,충무로역 방향 열차 8-4번 플렛폼,점검중
322,동대입구,내부,승강기)엘리베이터 내부#2,B2-B1,내부,상세정보 없음,점검중
323,약수(3),내부,승강기)엘리베이터 내부#1,B2-B1,승강장,동대입구역 방향 열차 8-4번 플렛폼,사용가능
324,금호,내부,승강기)엘리베이터 내부#1,B2-B1,승강장,약수역 방향 열차 3-2번 플렛폼,사용가능
325,옥수(3),내부,승강기)엘리베이터 내부#1,F2-F3,상행 10-1,금호역 방향 열차 10-1번 플렛폼,사용가능
325,옥수(3),내부,승강기)엘리베이터 내부#2,F2-F3,하행 1-2,압구정역 방향 열차 1-2번 플렛폼,사용가능
326,압구정,내부,승강기)엘리베이터 내부#1,B2-B1,상행 8-2,옥수역 방향 역차 8-2번 플렛폼,사용가능
326,압구정,내부,승강기)엘리베이터 내부#2,B2-B1,하행 3-2,신사역 방향 열차 3-2번 플렛폼,사용가능
327,신사,내부,승강기)엘리베이터 내부#1,B2-B1,상행 3-1,압구정역 방향 열차 3-1번 플렛폼,사용가능
327,신사,내부,승강기)엘리베이터 내부#2,B2-B1,하행 8-3,잠원역 방향 열차 8-4번 플렛폼,사용가능
328,잠원,내부,승강기)엘리베이터 내부#1,B2-B1,상행 3-3,신사역 방향 열차 3-3번 플렛폼,사용가능
328,잠원,내부,승강기)엘리베이터 내부#2,B2-B1,하행 8-2,고속터미널역 방향 열차 8-2번 플렛폼,사용가능
329,고속터미널(3),내부,승강기)엘리베이터 내부#1,B3-B2,상행 8-2,잠원역 방향 열차 8-2번 플렛폼,사용가능
329,고속터미널(3),내부,승강기)엘리베이터 내부#2,B3-B2,하행 3-3,교대역 방향 열차 3-3번 플렛폼,사용가능
330,교대(3),내부,승강기)엘리베이터 내부#1,B3-B2-B1,승강장,고속터미널역 방향 열차 4-2번 플렛폼,사용가능
331,남부터미널,내부,승강기)엘리베이터 내부#1,B3-B2,상행 3-2,교대역 방향 열차 3-2번 플렛폼,사용가능
331,남부터미널,내부,승강기)엘리베이터 내부#2,B3-B2,하행 8-2,양재역 방향 열차 8-2번 플렛폼,사용가능
332,양재(3),내부,승강기)엘리베이터 내부#1,B2-B1,상행 3-1,남부터미널역 방향 열차 3-1번 플렛폼,사용가능
332,양재(3),내부,승강기)엘리베이터 내부#2,B2-B1,상행 6-3,남부터미널역 방향 열차 6-3번 플렛폼,사용가능
332,양재(3),내부,승강기)엘리베이터 내부#1,B2-B1,하행 5-4,매봉역 방향 열차 5-4번 플렛폼,사용가능
332,양재(3),내부,승강기)엘리베이터 내부#2,B2-B1,하행 8-4,매봉역 방향 열차 8-4번 플렛폼,사용가능
333,매봉,내부,승강기)엘리베이터 내부#1,B2-B1,상행 5-4,양재역 방향 열차 5-4번 플렛폼,사용가능
333,매봉,내부,승강기)엘리베이터 내부#2,B2-B1,하행 6-1,도곡역 방향 열차 6-1번 플렛폼,사용가능
335,대치,내부,승강기)엘리베이터 내부#1,B4-B2-B1,승강장,도곡역 방향 열차 1-1번 플렛폼,사용가능
336,학여울,내부,승강기)엘리베이터 내부#1,B5~B4,상행 5-4,대치역 방향 열차 5-4번 플렛폼,사용가능
336,학여울,내부,승강기)엘리베이터 내부#2,B5~B4,하행 6-1,대청역 방향 열차 6-1번 플렛폼,사용가능
337,대청,내부,승강기)엘리베이터 내부#1,B3-B2,상행 4-4,힉여울역 방향 열차 4-4번 플렛폼,사용가능
337,대청,내부,승강기)엘리베이터 내부#2,B3-B2,하행 7-1,일원역 방향 열차 7-1번 플렛폼,사용가능
338,일원,내부,승강기)엘리베이터 내부#1,B3-B2,상행 6-3,대청역 방향 열차 6-3번 플렛폼,사용가능
338,일원,내부,승강기)엘리베이터 내부#2,B3-B2,하행 5-2,수서역 방향 열차 5-2번 플렛폼,사용가능
339,수서(3),내부,승강기)엘리베이터 내부#1,B2-B1,상행 8-3,일원역 방향 열차 8-3번 플렛폼,보수중
339,수서(3),내부,승강기)엘리베이터 내부#2,B2-B1,하행 3-2,가락시장역 방향 열차 3-2번 플렛폼,보수중
340,가락시장(3),내부,승강기)엘리베이터 내부#1,B4-B2,상행 8-2,수서역 방향 열차 8-2번 플렛폼,사용가능
340,가락시장(3),내부,승강기)엘리베이터 내부#2,B4-B2,하행 3-2,경찰병원역 방향 열차 3-2번 플렛폼,사용가능
341,경찰병원,내부,승강기)엘리베이터 내부#1,B3-B1,상행 4-2,가락시장역 방향 열차 4-2번 플렛폼,사용가능
341,경찰병원,내부,승강기)엘리베이터 내부#2,B3-B1,하행 7-3,오금역 방향 열차 7-3번 플렛폼,사용가능
342,오금(3),내부,승강기)엘리베이터 내부#1,B4-B1,상행 5-1,경찰병원역 방향 열차 5-1번 플렛폼,사용가능
342,오금(3),내부,승강기)엘리베이터 내부#2,B4-B1,하행 6-4,상세정보 없음,사용가능
409,당고개,내부,승강기)엘리베이터 내부#1,F2-F3,상행 6-1,별내별가람역 방향 열차 6-1번 플렛폼,사용가능
409,당고개,내부,승강기)엘리베이터 내부#2,F2-F3,하행 5-4,상계역 방향 열차 5-4번 플렛폼,사용가능
411,노원(4),내부,승강기)엘리베이터 내부#1,F2-F3,상행 8-4,상계역 방향 열차 8-4번 플렛폼,사용가능
411,노원(4),내부,승강기)엘리베이터 내부#2,F2-F3,하행 3-1,창동역 방향 열차 3-1번 플렛폼,사용가능
412,창동(4),내부,승강기)엘리베이터 내부#1,F2-F3,상행 2-4,노원역 방향 열차 2-4번 플렛폼,사용가능
412,창동(4),내부,승강기)엘리베이터 내부#2,F2-F3,상행 8-2,쌍문역 방향 열차 8-2번 플렛폼,사용가능
412,창동(4),내부,승강기)엘리베이터 내부#3,F2-F3,하행 8-4,상세정보 없음,사용가능
412,창동(4),내부,승강기)엘리베이터 내부#4,F2-F3,하행 3-2,상세정보 없음,사용가능
413,쌍문,내부,승강기)엘리베이터 내부#1,B2-B1,상행 8-4,창동역 방향 열차 8-4번 플렛폼,사용가능
413,쌍문,내부,승강기)엘리베이터 내부#2,B2-B1,하행 3-1,수유역 방향 열차 3-1번 플렛폼,사용가능
414,수유,내부,승강기)엘리베이터 내부#1,B2-B1,상행 7-1,쌍문역 방향 열차 7-1번 플렛폼,사용가능
414,수유,내부,승강기)엘리베이터 내부#2,B2-B1,하행 4-4,미아역 방향 열차 4-4번 플렛폼,사용가능
415,미아,내부,승강기)엘리베이터 내부#1,B2-B1,상행 8-2,수유역 방향 열차 8-2번 플렛폼,사용가능
415,미아,내부,승강기)엘리베이터 내부#2,B2-B1,하행 3-4,미아사거리역 방향 열차 3-4번 플렛폼,사용가능
416,미아사거리,내부,승강기)엘리베이터 내부#1,B2-B1,상행 3-1,미아역 방향 열차 3-1번 플렛폼,사용가능
416,미아사거리,내부,승강기)엘리베이터 내부#2,B2-B1,하행 8-3,길음역 방향 열차 8-3번 플렛폼,사용가능
417,길음,내부,승강기)엘리베이터 내부#1,B2-B1,승강장,미아사거리역 방향 열차 5-4번 플렛폼,사용가능
418,성신여대입구(4),내부,승강기)엘리베이터 내부#1,B2-B1,상행 8-2,한성대입구역 방향 열차 8-2번 플렛폼,사용가능
418,성신여대입구(4),내부,승강기)엘리베이터 내부#2,B2-B1,하행 3-4,길음역 방향 열차 3-4번 플렛폼,사용가능
419,한성대입구,내부,승강기)엘리베이터 내부#1,B2-B1,섬식승강장,성신여대입구역 방향 열차 5-4번 플렛폼,사용가능
419,한성대입구,내부,승강기)엘리베이터 내부#2,B2-B1,섬식승강장,혜화역 방향 열차 5-4번 플렛폼,사용가능
420,혜화,내부,승강기)엘리베이터 내부#1,B2-B1,상행 7-4,한성대입구역 방향 열차 7-4번 플렛폼,사용가능
420,혜화,내부,승강기)엘리베이터 내부#2,B2-B1,하행 3-4,동대문역 방향 열차 3-4번 플렛폼,사용가능
421,동대문(4),내부,승강기)엘리베이터 내부#1,B4-B1,승강장,혜화역 방향 열차 6-2번 플렛폼,사용가능
422,동대문역사문화공원(4),내부,승강기)엘리베이터 내부#1,B3-B1,승강장,동대문역 방향 열차 4-4번 플렛폼,사용가능
423,충무로(4),내부,승강기)엘리베이터 내부#1,B3-B1,상행 8-1,동대문역사문화공원역 방향 열차 8-1번 플렛폼,사용가능
423,충무로(4),내부,승강기)엘리베이터 내부#2,B3-B1,하행 3-3,명동역 방향 열차 3-3번 플렛폼,사용가능
423,충무로(4),내부,승강기)엘리베이터 내부#3,B4-B2,내부,상세정보 없음,사용가능
424,명동,내부,승강기)엘리베이터 내부#1,B4-B1,내부,상세정보 없음,사용가능
425,회현,내부,승강기)엘리베이터 내부#1,B4-B2-B1,승강장,명동역 방향 열차 10-1번 플렛폼,사용가능
426,서울역(4),내부,승강기)엘리베이터 내부#1,B2-B1,승강장,회현역 방향 열차 9-2번 플렛폼,사용가능
427,숙대입구,내부,승강기)엘리베이터 내부#1,B2-B1,상행 8-1,서울역 방향 열차 8-1번 플렛폼,보수중
427,숙대입구,내부,승강기)엘리베이터 내부#2,B2-B1,하행 3-3,삼각지역 방향 열차 3-3번 플렛폼,사용가능
428,삼각지(4),내부,승강기)엘리베이터 내부#1,B2-B1,상행 4-3,숙대입구역 방향 열차 4-3번 플렛폼,사용가능
428,삼각지(4),내부,승강기)엘리베이터 내부#2,B2-B1,하행 7-2,신용산역 방향 열차 7-2번 플렛폼,사용가능
429,신용산,내부,승강기)엘리베이터 내부#1,B1-B2,상행 8-2,삼각지역 방향 열차 8-2번 플렛폼,사용가능
429,신용산,내부,승강기)엘리베이터 내부#2,B1-B2,하행 3-2,이촌역 방향 열차 3-2번 플렛폼,사용가능
430,이촌(4),내부,승강기)엘리베이터 내부#1,B2-B1,상행 8-1,신용산역 방향 열차 8-1번 플렛폼,사용가능
430,이촌(4),내부,승강기)엘리베이터 내부#2,B2-B1,하행 3-3,동작역 방향 열차 3-3번 플렛폼,사용가능
430,이촌(4),내부,승강기)엘리베이터 내부#3,B1-F1,경의환승,상세정보 없음,사용가능
431,동작(4),내부,승강기)엘리베이터 내부#1,F2-F3,상행 7-4,이촌역 방향 열차 7-4번 플렛폼,사용가능
431,동작(4),내부,승강기)엘리베이터 내부#2,F1-F2-F3,하행 4-4,총신대입구(이수)역 방향 열차 4-4번 플렛폼,사용가능
432,총신대입구(4),내부,승강기)엘리베이터 내부#1,B2-B1,상행 7-3,동작역 방향 열차 7-3번 플렛폼,사용가능
432,총신대입구(4),내부,승강기)엘리베이터 내부#2,B2-B1,하행 8-3,사당역 방향 열차 8-3번 플렛폼,사용가능
433,사당(4),내부,승강기)엘리베이터 내부#1,B3-B1 (지하 3층),섬식(상) 9-2,총신대입구(이수)역 방향 열차 9-2번 플렛폼,사용가능
433,사당(4),내부,승강기)엘리베이터 내부#1,B1-F1 (지하 1층),9-10번 출입구 사이,총신대입구(이수)역 방향 열차 9-2번 플렛폼,사용가능
434,남태령,내부,승강기)엘리베이터 내부#1,B3-B2,승강장,상세정보 없음,보수중
434,남태령,내부,승강기)엘리베이터 내부#2,B2-B1,내부,상세정보 없음,사용가능
2511,방화,내부,승강기)엘리베이터 1,B1-B2,내부,상세정보 없음,사용가능
2511,방화,내부,승강기)엘리베이터 2,B1-B2,내부,개화산역 방향 열차 5-4번 플렛폼,사용가능
2513,김포공항(5),내부,승강기)엘리베이터 1,B2-B3,내부,송정역 방향 열차 3-2번 플렛폼,사용가능
2513,김포공항(5),내부,승강기)엘리베이터 2,B2-B3,내부,개화산역 방향 열차 6-2번 플렛폼,사용가능
2514,송정,내부,승강기)엘리베이터 1,B2-B3,내부,김포공항역 방향 열차 4-4번 플렛폼,사용가능
2514,송정,내부,승강기)엘리베이터 2,B2-B3,내부,마곡역 방향 열차 4-4번 플렛폼,사용가능
2515,마곡,내부,승강기)엘리베이터 1,B1-B2,내부,발산역 방향 열차 5-1번 플렛폼,사용가능
2515,마곡,내부,승강기)엘리베이터 2,B1-B2,내부,송정역 방향 열차 5-1번 플렛폼,사용가능
2516,발산,내부,승강기)엘리베이터 1,B1-B2,내부,상세정보 없음,사용가능
2516,발산,내부,승강기)엘리베이터 2,B1-B2,내부,상세정보 없음,보수중
2517,우장산,내부,승강기)엘리베이터 1,B1-B2,내부,발산역 방향 열차 4-2번 플렛폼,사용가능
2517,우장산,내부,승강기)엘리베이터 2,B1-B2,내부,화곡역 방향 열차 5-3번 플렛폼,사용가능
2518,화곡,내부,승강기)엘리베이터 1,B1-B2,내부,까치산역 방향 열차 4-3번 플렛폼,사용가능
2518,화곡,내부,승강기)엘리베이터 1,B1-B2,내부,우장산역 방향 열차 5-2번 플렛폼,사용가능
2519,까치산(5),내부,승강기)엘리베이터 1,B1-B4,내부,상세정보 없음,사용가능
2519,까치산(5),내부,승강기)엘리베이터 2,B1-F1,외부,상세정보 없음,사용가능
2520,신정,내부,승강기)엘리베이터 1,B2-B3,내부,까치산역 방향 열차 8-2번 플렛폼,보수중
2520,신정,내부,승강기)엘리베이터 2,B2-B3,내부,목동역 방향 열차 1-4번 플렛폼,보수중
2521,목동,내부,승강기)엘리베이터 1,B1-B2,내부,신정역 방향 열차 5-1번 플렛폼,사용가능
2521,목동,내부,승강기)엘리베이터 2,B1-B2,내부,오목교역 방향 열차 4-4번 플렛폼,보수중
2522,오목교,내부,승강기)엘리베이터 1,B1-B3,내부,양평역 방향 열차 2-4번 플렛폼,점검중
2522,오목교,내부,승강기)엘리베이터 2,B1-B3,내부,목동역 방향 열차 7-1번 플렛폼,점검중
2523,양평(5),내부,승강기)엘리베이터 1,B1-B5,내부,영등포구청역 방향 열차 6-2번 플렛폼,보수중
2523,양평(5),내부,승강기)엘리베이터 2,B4-B5,내부,오목교역 방향 열차 3-3번 플렛폼,사용가능
2524,영등포구청(5),내부,승강기)엘리베이터 1,F1-B5,외부,상세정보 없음,사용가능
2524,영등포구청(5),내부,승강기)엘리베이터 2,B4-B5,내부,상세정보 없음,사용가능
2524,영등포구청(5),내부,승강기)엘리베이터 3,B4-B5,내부,영등포시장역 방향 열차 6-1번 플렛폼,사용가능
2524,영등포구청(5),내부,승강기)엘리베이터 4,B4-B5,내부,양평역 방향 열차 6-4번 플렛폼,사용가능
2525,영등포시장,내부,승강기)엘리베이터 1,B5-B6,내부,신길역 방향 열차 5-2번 플렛폼,사용가능
2525,영등포시장,내부,승강기)엘리베이터 2,B1-B6,내부,영등포구청역 방향 열차 4-3번 플렛폼,사용가능
2526,신길(5),내부,승강기)엘리베이터 1,B4-B3,내부,상세정보 없음,사용가능
2526,신길(5),내부,승강기)엘리베이터 2,B4-B3,내부,상세정보 없음,사용가능
2526,신길(5),내부,승강기)엘리베이터 4,B4-B3,내부,상세정보 없음,사용가능
2526,신길(5),내부,승강기)엘리베이터 5,B4-B3,내부,여의도역 방향 열차 4-2번 플렛폼,사용가능
2526,신길(5),내부,승강기)엘리베이터 6,B3-B1,내부,영등포시장역 방향 열차 5-3번 플렛폼,사용가능
2527,여의도(5),내부,승강기)엘리베이터 1,B1-B4,내부,여의나루역 방향 열차 5-4번 플렛폼,사용가능
2527,여의도(5),내부,승강기)엘리베이터 2,B1-B4,내부,여의나루역 방향 열차 4-1번 플렛폼,사용가능
2527,여의도(5),내부,승강기)엘리베이터 1,B1-B4,내부,신길역 방향 열차 5-4번 플렛폼,사용가능
2527,여의도(5),내부,승강기)엘리베이터 2,B1-B4,내부,신길역 방향 열차 4-1번 플렛폼,사용가능
2528,여의나루,내부,승강기)엘리베이터 1,B1-B5,내부,상세정보 없음,사용가능
2528,여의나루,내부,승강기)엘리베이터 2,BM1-B1,내부,여의도역 방향 열차 6-1번 플렛폼,사용가능
2529,마포,내부,승강기)엘리베이터 1,B1-B5,내부,공덕역 방향 열차 4-4번 플렛폼,사용가능
2529,마포,내부,승강기)엘리베이터 1,B1-B5,내부,여의나루역 방향 열차 5-1번 플렛폼,사용가능
2530,공덕(5),내부,승강기)엘리베이터 1,B1-B3,내부,애오개역 방향 열차 8-4번 플렛폼,사용가능
2530,공덕(5),내부,승강기)엘리베이터 1,B1-B3,내부,마포역 방향 열차 1-1번 플렛폼,사용가능
2531,애오개,내부,승강기)엘리베이터 1,B3-B4,내부,상세정보 없음,사용가능
2531,애오개,내부,승강기)엘리베이터 2,B3-B4,내부,충정로역 방향 열차 5-1번 플렛폼,사용가능
2531,애오개,내부,승강기)엘리베이터 3,B1-B3,내부,공덕역 방향 열차 4-4번 플렛폼,사용가능
2532,충정로(5),내부,승강기)엘리베이터 1,B1-B5,내부,서대문역 방향 열차 6-1번 플렛폼,사용가능
2533,서대문,내부,승강기)엘리베이터 1,B1-B4,내부,충정로역 방향 열차 3-3번 플렛폼,사용가능
2533,서대문,내부,승강기)엘리베이터 1,B1-B4,내부,광화문역 방향 열차 6-3번 플렛폼,사용가능
2534,광화문,내부,승강기)엘리베이터 2,B2-B4,내부,상세정보 없음,사용가능
2535,종로3가(5),내부,승강기)엘리베이터 1,B1-B4,내부,을지로4가역 방향 열차 1-1번 플렛폼,사용가능
2535,종로3가(5),내부,승강기)엘리베이터 1,B1-B4,내부,광화문역 방향 열차 8-4번 플렛폼,사용가능
2536,을지로4가(5),내부,승강기)엘리베이터 1,B1-B5,내부,동대문역사문화공원역 방향 열차 1-1번 플렛폼,사용가능
2536,을지로4가(5),내부,승강기)엘리베이터 1,B1-B5,내부,종로3가역 방향 열차 8-4번 플렛폼,사용가능
2537,동대문역사문화공원(5),내부,승강기)엘리베이터 1,B1-B4,내부,을지로4가역 방향 열차 8-4번 플렛폼,보수중
2537,동대문역사문화공원(5),내부,승강기)엘리베이터 2,B1-B5,내부,청구역 방향 열차 1-1번 플렛폼,사용가능
2539,신금호,내부,승강기)엘리베이터 1,B2-B8,내부,행당역 방향 열차 8-4번 플렛폼,사용가능
2539,신금호,내부,승강기)엘리베이터 2,B2-B8,내부,청구역 방향 열차 1-2번 플렛폼,사용가능
2540,행당,내부,승강기)엘리베이터 1,B3-B5,내부,왕십리역 방향 열차 5-1번 플렛폼,사용가능
2540,행당,내부,승강기)엘리베이터 2,B4-B5,내부,신금호역 방향 열차 4-4번 플렛폼,사용가능
2541,왕십리(5),내부,승강기)엘리베이터 1,F1-B4,외부,상세정보 없음,사용가능
2541,왕십리(5),내부,승강기)엘리베이터 2,B4-B5,내부,마장역 방향 열차 6-2번 플렛폼,사용가능
2541,왕십리(5),내부,승강기)엘리베이터 3,B4-B5,내부,행당역 방향 열차 3-3번 플렛폼,사용가능
2542,마장,내부,승강기)엘리베이터 1,B2-B3,내부,답십리역 방향 열차 5-1번 플렛폼,사용가능
2542,마장,내부,승강기)엘리베이터 2,B2-B3,내부,왕십리역 방향 열차 4-4번 플렛폼,사용가능
2543,답십리,내부,승강기)엘리베이터 1,B2-B3,내부,장한평역 방향 열차 4-4번 플렛폼,사용가능
2543,답십리,내부,승강기)엘리베이터 2,B2-B3,내부,마장역 방향 열차 4-4번 플렛폼,사용가능
2544,장한평,내부,승강기)엘리베이터 1,B2-B3,내부,답십리역 방향 열차 4-3번 플렛폼,사용가능
2545,군자(5),내부,승강기)엘리베이터 1,B1-B2-B3,내부,아차산역 방향 열차 5-2번 플렛폼,사용가능
2545,군자(5),내부,승강기)엘리베이터 2,B1-B2-B3,내부,아차산역 방향 열차 3-4번 플렛폼,사용가능
2545,군자(5),내부,승강기)엘리베이터 1,B1-B2-B3,내부,장한평역 방향 열차 5-3번 플렛폼,사용가능
2545,군자(5),내부,승강기)엘리베이터 2,B1-B2-B3,내부,장한평역 방향 열차 4-2번 플렛폼,사용가능
2546,아차산,내부,승강기)엘리베이터 1,B1-B3,내부,광나루역 방향 열차 3-3번 플렛폼,사용가능
2546,아차산,내부,승강기)엘리베이터 2,B1-B3,내부,군자역 방향 열차 6-2번 플렛폼,사용가능
2547,광나루,내부,승강기)엘리베이터 1,B2-B3,내부,아차산역 방향 열차 5-1번 플렛폼,사용가능
2547,광나루,내부,승강기)엘리베이터 2,B2-B3,내부,천호역 방향 열차 4-4번 플렛폼,사용가능
2548,천호(5),내부,승강기)엘리베이터 2,B1-B3,내부,상세정보 없음,사용가능
2548,천호(5),내부,승강기)엘리베이터 3,B2-B3,내부,강동역 방향 열차 3-4번 플렛폼,사용가능
2548,천호(5),내부,승강기)엘리베이터 4,B2-B3,내부,광나루역 방향 열차 4-4번 플렛폼,사용가능
2549,강동,내부,승강기)엘리베이터 1,B3-B4,내부,상세정보 없음,사용가능
2550,길동,내부,승강기)엘리베이터 1,B2-B3,내부,상세정보 없음,사용가능
2550,길동,내부,승강기)엘리베이터 2,B2-B3,내부,굽은다리역 방향 열차 4-4번 플렛폼,사용가능
2550,길동,내부,승강기)엘리베이터 3,B1-BM2,내부,강동역 방향 열차 5-1번 플렛폼,보수중
2551,굽은다리,내부,승강기)엘리베이터 1,B1-B2,내부,명일역 방향 열차 3-2번 플렛폼,사용가능
2551,굽은다리,내부,승강기)엘리베이터 2,B1-B2,내부,길동역 방향 열차 6-3번 플렛폼,사용가능
2552,명일,내부,승강기)엘리베이터 1,B1-B2,내부,굽은다리역 방향 열차 5-2번 플렛폼,사용가능
2552,명일,내부,승강기)엘리베이터 2,B1-B2,내부,고덕역 방향 열차 4-3번 플렛폼,보수중
2553,고덕,내부,승강기)엘리베이터 1,B1-B2,내부,상일동역 방향 열차 6-1번 플렛폼,사용가능
2553,고덕,내부,승강기)엘리베이터 2,B1-B2,내부,명일역 방향 열차 4-1번 플렛폼,사용가능
2555,둔촌동,내부,승강기)엘리베이터 1,B1-B2,내부,올림픽공원역 방향 열차 5-1번 플렛폼,사용가능
2555,둔촌동,내부,승강기)엘리베이터 2,B1-B2,내부,강동역 방향 열차 5-1번 플렛폼,사용가능
2556,올림픽공원(5),내부,승강기)엘리베이터 1,B2-B3,내부,방이역 방향 열차 6-3번 플렛폼,사용가능
2556,올림픽공원(5),내부,승강기)엘리베이터 2,B2-B3,내부,둔촌동역 방향 열차 3-2번 플렛폼,사용가능
2557,방이,내부,승강기)엘리베이터 1,B1-B2,내부,오금역 방향 열차 5-1번 플렛폼,보수중
2557,방이,내부,승강기)엘리베이터 2,B1-B2,내부,올림픽공원역 방향 열차 5-1번 플렛폼,사용가능
2558,오금(5),내부,승강기)엘리베이터 1,B1-B2,내부,상세정보 없음,사용가능
2558,오금(5),내부,승강기)엘리베이터 2,B1-B2,내부,상세정보 없음,사용가능
2558,오금(5),내부,승강기)엘리베이터 3,B2-B3,내부,개롱역 방향 열차 5-1번 플렛폼,사용가능
2558,오금(5),내부,승강기)엘리베이터 4,B2-B3,내부,방이역 방향 열차 4-4번 플렛폼,사용가능
2559,개롱,내부,승강기)엘리베이터 1,B1-B2,내부,상세정보 없음,사용가능
2559,개롱,내부,승강기)엘리베이터 2,B1-B2,내부,상세정보 없음,사용가능
2560,거여,내부,승강기)엘리베이터 1,B1-B2,내부,마천역 방향 열차 3-2번 플렛폼,사용가능
2560,거여,내부,승강기)엘리베이터 2,B1-B2,내부,개롱역 방향 열차 6-2번 플렛폼,사용가능
2561,마천,내부,승강기)엘리베이터 1,B1-B4,내부,상세정보 없음,사용가능
2561,마천,내부,승강기)엘리베이터 2,B1-B4,내부,상세정보 없음,사용가능
2562,강일,내부,승강기)엘리베이터 1,B3-B2,내부,상세정보 없음,사용가능
2562,강일,내부,승강기)엘리베이터 2,B3-B2,내부,상세정보 없음,사용가능
2562,강일,내부,승강기)엘리베이터 3,B3-B1,내부,상세정보 없음,사용가능
2562,강일,내부,승강기)엘리베이터 4,B3-B1,내부,상세정보 없음,사용가능
2563,미사,내부,승강기)엘리베이터 1,B2-B1,내부,상세정보 없음,사용가능
2563,미사,내부,승강기)엘리베이터 2,B2-B1,내부,상세정보 없음,사용가능
2564,하남풍산,내부,승강기)엘리베이터 1,B2-B1,내부,상세정보 없음,사용가능
2564,하남풍산,내부,승강기)엘리베이터 2,B2-B1,내부,상세정보 없음,사용가능
2565,하남시청,내부,승강기)엘리베이터 1,B3-B2,내부,상세정보 없음,사용가능
2565,하남시청,내부,승강기)엘리베이터 2,B3-B2,내부,상세정보 없음,사용가능
2566,하남검단산,내부,승강기)엘리베이터 1,B3-B1,내부,상세정보 없음,사용가능
2566,하남검단산,내부,승강기)엘리베이터 2,B3-B1,내부,상세정보 없음,보수중
2611,응암,내부,승강기)엘리베이터 1,B1-B2,내부,새절역 방향 열차 4-2번 플렛폼,사용가능
2612,역촌,내부,승강기)엘리베이터 1,B1-B4,내부,불광역 방향 열차 4-1번 플렛폼,사용가능
2613,불광(6),내부,승강기)엘리베이터 1,B1-B4,내부,독바위역 방향 열차 5-2번 플렛폼,사용가능
2613,불광(6),내부,승강기)엘리베이터 2,B1-B4,내부,독바위역 방향 열차 4-1번 플렛폼,사용가능
2614,독바위,내부,승강기)엘리베이터 1,B1-B6,내부,연신내역 방향 열차 3-1번 플렛폼,사용가능
2615,연신내(6),내부,승강기)엘리베이터 1,B1-B5,내부,구산역 방향 열차 6-1번 플렛폼,사용가능
2617,새절,내부,승강기)엘리베이터 1,B1-B2,내부,응암역 방향 열차 4-4번 플렛폼,사용가능
2618,증산,내부,승강기)엘리베이터 1,B1-B2,내부,디지털미디어시티역 방향 열차 4-3번 플렛폼,사용가능
2618,증산,내부,승강기)엘리베이터 2,B1-B2,내부,새철역 방향 열차 5-1번 플렛폼,사용가능
2619,디지털미디어시티(6),내부,승강기)엘리베이터 1,B1-B2,내부,월드컵경기장역 방향 열차 8-4번 플렛폼,사용가능
2619,디지털미디어시티(6),내부,승강기)엘리베이터 2,B1-B2,내부,월드컵경기장역 방향 열차 7-2번 플렛폼,사용가능
2619,디지털미디어시티(6),내부,승강기)엘리베이터 1,B1-B2,내부,증산역 방향 열차 3-4번 플렛폼,사용가능
2619,디지털미디어시티(6),내부,승강기)엘리베이터 2,B1-B2,내부,증산역 방향 열차 1-1번 플렛폼,사용가능
2620,월드컵경기장(6),내부,승강기)엘리베이터 1,B2-B3,내부,마포구청역 방향 열차 4-4번 플렛폼,사용가능
2620,월드컵경기장(6),내부,승강기)엘리베이터 2,B2-B3,내부,디지털미디어시티역 방향 열차 4-4번 플렛폼,사용가능
2621,마포구청,내부,승강기)엘리베이터 1,B2-B3,내부,망원역 방향 열차 8-4번 플렛폼,사용가능
2621,마포구청,내부,승강기)엘리베이터 2,B2-B3,내부,월드컵경기장역 방향 열차 1-1번 플렛폼,사용가능
2622,망원,내부,승강기)엘리베이터 1,B1-B2,내부,합정역 방향 열차 4-4번 플렛폼,사용가능
2622,망원,내부,승강기)엘리베이터 1,B1-B2,내부,마포구청역 방향 열차 5-1번 플렛폼,사용가능
2623,합정(6),내부,승강기)엘리베이터 1,B1-B4,내부,상수역 방향 열차 6-2번 플렛폼,사용가능
2623,합정(6),내부,승강기)엘리베이터 2,B3-B4,내부,망원역 방향 열차 4-2번 플렛폼,사용가능
2624,상수,내부,승강기)엘리베이터 1,B2-B3,내부,상세정보 없음,사용가능
2624,상수,내부,승강기)엘리베이터 2,F1-B1,내부,광흥창역 방향 열차 4-4번 플렛폼,점검중
2624,상수,내부,승강기)엘리베이터 3,B2-B1,내부,합정역 방향 열차 4-4번 플렛폼,점검중
2625,광흥창,내부,승강기)엘리베이터 2,B2-B3,내부,대흥역 방향 열차 8-3번 플렛폼,사용가능
2625,광흥창,내부,승강기)엘리베이터 2,B2-B3,내부,상수역 방향 열차 1-2번 플렛폼,사용가능
2626,대흥,내부,승강기)엘리베이터 1,B2-B3,내부,상세정보 없음,사용가능
2626,대흥,내부,승강기)엘리베이터 2,B1-B2,내부,광흥창역 방향 열차 4-4번 플렛폼,사용가능
2627,공덕(6),내부,승강기)엘리베이터 1,B1-B2,내부,효창공원앞역 방향 열차 8-4번 플렛폼,사용가능
2627,공덕(6),내부,승강기)엘리베이터 1,B1-B2,내부,효창공원앞역 방향 열차 8-2번 플렛폼,사용가능
2627,공덕(6),내부,승강기)엘리베이터 2,B1-B2,내부,효창공원앞역 방향 열차 4-4번 플렛폼,사용가능
2627,공덕(6),내부,승강기)엘리베이터 4,B2-B3,내부,대흥역 방향 열차 4-4번 플렛폼,사용가능
2627,공덕(6),내부,승강기)엘리베이터 5,B2-B3,내부,대흥역 방향 열차 1-3번 플렛폼,사용가능
2628,효창공원앞(6),내부,승강기)엘리베이터 1,B2-B3,내부,삼각지역 방향 열차 4-2번 플렛폼,사용가능
2628,효창공원앞(6),내부,승강기)엘리베이터 2,B1-B2,내부,공덕역 방향 열차 5-3번 플렛폼,사용가능
2629,삼각지(6),내부,승강기)엘리베이터 1,B3-B4,내부,상세정보 없음,사용가능
2629,삼각지(6),내부,승강기)엘리베이터 2,B3-B4,내부,녹사평역 방향 열차 8-4번 플렛폼,사용가능
2629,삼각지(6),내부,승강기)엘리베이터 5,B3-B4,내부,효창공원앞역 방향 열차 1-1번 플렛폼,사용가능
2630,녹사평,내부,승강기)엘리베이터 1,B4-B5,내부,이태원역 방향 열차 5-1번 플렛폼,사용가능
2630,녹사평,내부,승강기)엘리베이터 2,B2-B4,내부,삼각지역 방향 열차 4-3번 플렛폼,사용가능
2631,이태원,내부,승강기)엘리베이터 1,B1-B5,내부,한강진역 방향 열차 6-3번 플렛폼,사용가능
2631,이태원,내부,승강기)엘리베이터 1,B1-B5,내부,녹사평역 방향 열차 3-1번 플렛폼,사용가능
2632,한강진,내부,승강기)엘리베이터 1,B3-B4,내부,버티고개역 방향 열차 4-2번 플렛폼,사용가능
2632,한강진,내부,승강기)엘리베이터 2,B1-B4,내부,이태원역 방향 열차 5-2번 플렛폼,사용가능
2633,버티고개,내부,승강기)엘리베이터 1,B3-B4,내부,상세정보 없음,사용가능
2633,버티고개,내부,승강기)엘리베이터 2,B3-B4,내부,상세정보 없음,사용가능
2633,버티고개,내부,승강기)엘리베이터 3,B2-B3,내부,약수역 방향 열차 5-3번 플렛폼,사용가능
2633,버티고개,내부,승강기)엘리베이터 4,B1-B2,내부,한강진역 방향 열차 4-2번 플렛폼,사용가능
2634,약수(6),내부,승강기)엘리베이터 1,B2-B3,내부,상세정보 없음,사용가능
2634,약수(6),내부,승강기)엘리베이터 2,B2-B3,내부,청구역 방향 열차 4-4번 플렛폼,사용가능
2634,약수(6),내부,승강기)엘리베이터 3,B1-B3,내부,버티고개역 방향 열차 6-1번 플렛폼,사용가능
2634,약수(6),내부,승강기)엘리베이터 4,B1-B2,내부,버티고개역 방향 열차 5-1번 플렛폼,사용가능
2635,청구(6),내부,승강기)엘리베이터 1,B3-B4,내부,상세정보 없음,사용가능
2635,청구(6),내부,승강기)엘리베이터 2,B1-B3,내부,약수역 방향 열차 6-3번 플렛폼,사용가능
2635,청구(6),내부,승강기)엘리베이터 3,B1-B3,내부,약수역 방향 열차 6-3번 플렛폼,사용가능
2636,신당(6),내부,승강기)엘리베이터 1,B1-B3,내부,동묘앞역 방향 열차 5-3번 플렛폼,사용가능
2636,신당(6),내부,승강기)엘리베이터 1,B1-B3,내부,청구역 방향 열차 4-2번 플렛폼,사용가능
2637,동묘앞(6),내부,승강기)엘리베이터 1,B2-B3,내부,창신역 방향 열차 6-2번 플렛폼,사용가능
2637,동묘앞(6),내부,승강기)엘리베이터 2,B2-B3,내부,창신역 방향 열차 1-1번 플렛폼,사용가능
2637,동묘앞(6),내부,승강기)엘리베이터 1,B2-B3,내부,신당역 방향 열차 8-4번 플렛폼,사용가능
2637,동묘앞(6),내부,승강기)엘리베이터 2,B2-B3,내부,신당역 방향 열차 3-3번 플렛폼,사용가능
2638,창신,내부,승강기)엘리베이터 1,B1-B4,내부,보문역 방향 열차 5-4번 플렛폼,사용가능
2638,창신,내부,승강기)엘리베이터 1,B1-B4,내부,동묘앞역 방향 열차 3-4번 플렛폼,사용가능
2639,보문(6),내부,승강기)엘리베이터 1,B2-B3,내부,안암역 방향 열차 4-4번 플렛폼,사용가능
2639,보문(6),내부,승강기)엘리베이터 1,B2-B3,내부,창신역 방향 열차 5-1번 플렛폼,사용가능
2640,안암,내부,승강기)엘리베이터 1,B2-B3,내부,상세정보 없음,사용가능
2640,안암,내부,승강기)엘리베이터 2,B2-B3,내부,고려대역 방향 열차 4-3번 플렛폼,사용가능
2640,안암,내부,승강기)엘리베이터 3,F1-B2,1번,보문역 방향 열차 5-2번 플렛폼,사용가능
2641,고려대,내부,승강기)엘리베이터 1,B1-B4,내부,월곡역 방향 열차 3-2번 플렛폼,사용가능
2641,고려대,내부,승강기)엘리베이터 2,B1-B4,내부,안암역 방향 열차 6-2번 플렛폼,사용가능
2642,월곡,내부,승강기)엘리베이터 1,B2-B3,내부,상월곡역 방향 열차 4-4번 플렛폼,사용가능
2642,월곡,내부,승강기)엘리베이터 2,B2-B3,내부,고려대역 방향 열차 4-4번 플렛폼,사용가능
2644,돌곶이,내부,승강기)엘리베이터 1,B1-B2,내부,석계역 방향 열차 4-4번 플렛폼,사용가능
2644,돌곶이,내부,승강기)엘리베이터 2,B1-B2,내부,상월곡역 방향 열차 4-4번 플렛폼,사용가능
2645,석계(6),내부,승강기)엘리베이터 1,B2-B3,내부,태릉입구역 방향 열차 6-2번 플렛폼,사용가능
2645,석계(6),내부,승강기)엘리베이터 2,B2-B3,내부,돌곶이역 방향 열차 3-3번 플렛폼,사용가능
2646,태릉입구(6),내부,승강기)엘리베이터 1,B1-B2,내부,화랑대역 방향 열차 3-4번 플렛폼,사용가능
2646,태릉입구(6),내부,승강기)엘리베이터 2,B1-B2,내부,석계역 방향 열차 5-4번 플렛폼,사용가능
2647,화랑대,내부,승강기)엘리베이터 1,B1-B2,내부,봉화산역 방향 열차 4-2번 플렛폼,사용가능
2647,화랑대,내부,승강기)엘리베이터 2,B1-B2,내부,태릉입구역 방향 열차 5-3번 플렛폼,보수중
2649,신내(6),내부,승강기)엘리베이터 1,F1-F2,외부,봉화산역 방향 열차 1-1번 플렛폼 ,사용가능
2711,장암,내부,승강기)엘리베이터 1,F2-F1,외부,상세정보 없음,사용가능
2711,장암,내부,승강기)엘리베이터 2,F2-F1,외부,상세정보 없음,사용가능
2712,도봉산(7),내부,승강기)엘리베이터 1,F2-F1,외부,상세정보 없음,사용가능
2712,도봉산(7),내부,승강기)엘리베이터 2,F2-F1,외부,장암역 방향 열차 4-2번 플렛폼,사용가능
2712,도봉산(7),내부,승강기)엘리베이터 3,F2-F1,내부,장암역 방향 열차 1-4번 플렛폼,사용가능
2712,도봉산(7),내부,승강기)엘리베이터 4,F2-F1,내부,수락산역 방향 열차 7-3번 플렛폼,사용가능
2712,도봉산(7),내부,승강기)엘리베이터 5,B1-F1,외부,수락산역 방향 열차 3-4번 플렛폼,사용가능
2713,수락산,내부,승강기)엘리베이터 1,F1-B2,외부,상세정보 없음,보수중
2713,수락산,내부,승강기)엘리베이터 1,F1-B2,외부,상세정보 없음,보수중
2714,마들,내부,승강기)엘리베이터 1,B1-B3,내부,수락산역 방향 열차 1-1번 플렛폼,사용가능
2714,마들,내부,승강기)엘리베이터 1,B1-B3,내부,노원역 방향 열차 8-4번 플렛폼,사용가능
2715,노원(7),내부,승강기)엘리베이터 1,B1-B3,내부,마들역 방향 열차 4-3번 플렛폼,사용가능
2715,노원(7),내부,승강기)엘리베이터 1,B1-B3,내부,중계역 방향 열차 5-1번 플렛폼,사용가능
2716,중계,내부,승강기)엘리베이터 1,B2-B3,내부,노원역 방향 열차 4-4번 플렛폼,사용가능
2716,중계,내부,승강기)엘리베이터 1,B2-B3,내부,하계역 방향 열차 5-1번 플렛폼,사용가능
2717,하계,내부,승강기)엘리베이터 2,B1-B3,내부,중계역 방향 열차 4-4번 플렛폼,사용가능
2717,하계,내부,승강기)엘리베이터 2,B1-B3,내부,공릉역 방향 열차 5-1번 플렛폼,사용가능
2718,공릉,내부,승강기)엘리베이터 1,B2-B4,내부,상세정보 없음,점검중
2718,공릉,내부,승강기)엘리베이터 2,B1-B4,내부,하계역 방향 열차 1-1번 플렛폼,점검중
2718,공릉,내부,승강기)엘리베이터 3,F1-B1,외부,태릉입구역 방향 열차 8-4번 플렛폼,점검중
2719,태릉입구(7),내부,승강기)엘리베이터 1,B1-B2,내부,공릉역 방향 열차 3-4번 플렛폼,사용가능
2719,태릉입구(7),내부,승강기)엘리베이터 2,B1-B2,내부,먹골역 방향 열차 5-4번 플렛폼,사용가능
2720,먹골,내부,승강기)엘리베이터 1,B2-B3,내부,상세정보 없음,사용가능
2720,먹골,내부,승강기)엘리베이터 2,B2-B3,내부,태릉입구역 방향 열차 5-1번 플렛폼,사용가능
2720,먹골,내부,승강기)엘리베이터 3,F1-B1-B2,외부,중화역 방향 열차 4-4번 플렛폼,사용가능
2721,중화,내부,승강기)엘리베이터 1,B1-B2-B3,내부,상세정보 없음,사용가능
2721,중화,내부,승강기)엘리베이터 2,B2-B3,내부,먹골역 방향 열차 4-4번 플렛폼,사용가능
2721,중화,내부,승강기)엘리베이터 3,F1-B1,외부,상봉역 방향 열차 4-4번 플렛폼,사용가능
2722,상봉(7),내부,승강기)엘리베이터 1,B1-B3,내부,상세정보 없음,사용가능
2722,상봉(7),내부,승강기)엘리베이터 2,B1-B3,내부,중화역 방향 열차 6-3번 플렛폼,사용가능
2722,상봉(7),내부,승강기)엘리베이터 3,B2-B3,내부,중화역 방향 열차 5-1번 플렛폼,사용가능
2722,상봉(7),내부,승강기)엘리베이터 4,B2-B3,내부,면목역 방향 열차 4-4번 플렛폼,사용가능
2722,상봉(7),내부,승강기)엘리베이터 5,F1-B1,외부,면목역 방향 열차 3-2번 플렛폼,사용가능
2723,면목,내부,승강기)엘리베이터 1,B1-B3-B4,내부,상세정보 없음,사용가능
2723,면목,내부,승강기)엘리베이터 2,B3-B4,내부,상세정보 없음,사용가능
2723,면목,내부,승강기)엘리베이터 3,F1-B1,외부,상세정보 없음,사용가능
2724,사가정,내부,승강기)엘리베이터 1,B3-B4,내부,상세정보 없음,사용가능
2724,사가정,내부,승강기)엘리베이터 2,B1-B3-B4,내부,면목역 방향 열차 6-2번 플렛폼,사용가능
2724,사가정,내부,승강기)엘리베이터 3,F1-B1,외부,용마산역 방향 열차 3-3번 플렛폼,사용가능
2725,용마산,내부,승강기)엘리베이터 1,B3-B4,내부,상세정보 없음,사용가능
2725,용마산,내부,승강기)엘리베이터 2,B1-B4,내부,사가정역 방향 열차 5-1번 플렛폼,사용가능
2725,용마산,내부,승강기)엘리베이터 3,F2-B1,외부,중곡역 방향 열차 3-3번 플렛폼,사용가능
2726,중곡,내부,승강기)엘리베이터 1,B2-B3,내부,상세정보 없음,사용가능
2726,중곡,내부,승강기)엘리베이터 2,B2-B3,내부,용마산역 방향 열차 5-1번 플렛폼,사용가능
2726,중곡,내부,승강기)엘리베이터 3,F1-B2,외부,군자역 방향 열차 4-4번 플렛폼,사용가능
2727,군자(7),내부,승강기)엘리베이터 1,F1-B1,내부,어린이대공원역 방향 열차 4-4번 플렛폼,사용가능
2727,군자(7),내부,승강기)엘리베이터 1,F1-B1,내부,중곡역 방향 열차 4-4번 플렛폼,사용가능
2728,어린이대공원,내부,승강기)엘리베이터 1,B1-B3,내부,상세정보 없음,사용가능
2728,어린이대공원,내부,승강기)엘리베이터 2,B1-B3,내부,상세정보 없음,사용가능
2728,어린이대공원,내부,승강기)엘리베이터 3,F1-B1,외부,군자역 방향 열차 6-2번 플렛폼,사용가능
2728,어린이대공원,내부,승강기)엘리베이터 4,F1-B1,외부,건대입구역 방향 열차 3-3번 플렛폼,사용가능
2729,건대입구(7),내부,승강기)엘리베이터 1,B2-B3,내부,상세정보 없음,사용가능
2729,건대입구(7),내부,승강기)엘리베이터 2,B2-B3,내부,상세정보 없음,사용가능
2730,뚝섬유원지,내부,승강기)엘리베이터 1,F2-F1,외부,상세정보 없음,사용가능
2730,뚝섬유원지,내부,승강기)엘리베이터 2,F3-F2,내부,건대입구역 방향 열차 7-4번 플렛폼,사용가능
2730,뚝섬유원지,내부,승강기)엘리베이터 3,F3-F2,내부,청담역 방향 열차 1-4번 플렛폼,사용가능
2731,청담,내부,승강기)엘리베이터 1,F1-B3,외부,상세정보 없음,사용가능
2731,청담,내부,승강기)엘리베이터 2,F1-B3,외부,상세정보 없음,사용가능
2732,강남구청(7),내부,승강기)엘리베이터 1,B2-B3,상행 승강장,청담역 방향 열차 6-2번 플렛폼,사용가능
2732,강남구청(7),내부,승강기)엘리베이터 1,B2-B3,상행 승강장,청담역 방향 열차 8-3번 플렛폼,사용가능
2732,강남구청(7),내부,승강기)엘리베이터 1,B2-B3,상행 승강장,청담역 방향 열차 3-3번 플렛폼,사용가능
2732,강남구청(7),내부,승강기)엘리베이터 2,B2-B3,하행 승강장,학동역 방향 열차 3-3번 플렛폼,사용가능
2732,강남구청(7),내부,승강기)엘리베이터 2,B2-B3,하행 승강장,학동역 방향 열차 6-2번 플렛폼,사용가능
2732,강남구청(7),내부,승강기)엘리베이터 2,B2-B3,하행 승강장,학동역 방향 열차 1-2번 플렛폼,사용가능
2733,학동,내부,승강기)엘리베이터 1,B2-B3,내부,상세정보 없음,사용가능
2733,학동,내부,승강기)엘리베이터 2,B2-B3,내부,상세정보 없음,사용가능
2733,학동,내부,승강기)엘리베이터 3,F1-B2,외부,강남구청역 방향 열차 4-4번 플렛폼,사용가능
2734,논현,내부,승강기)엘리베이터 1,B2-B3,내부,논현역 방향 열차 5-1번 플렛폼,사용가능
2734,논현,내부,승강기)엘리베이터 2,B2-B3,내부,학동역 방향 열차 2-2번 플렛폼,사용가능
2734,논현,내부,승강기)엘리베이터 3,F1-B2,외부,반포역 방향 열차 7-3번 플렛폼,사용가능
2735,반포,내부,승강기)엘리베이터 1,B2-B3,내부,상세정보 없음,사용가능
2735,반포,내부,승강기)엘리베이터 2,B2-B3,내부,상세정보 없음,사용가능
2735,반포,내부,승강기)엘리베이터 3,F1-B2,외부,논현역 방향 열차 4-4번 플렛폼,사용가능
2735,반포,내부,승강기)엘리베이터 4,F1-B2,외부,고속터미널역 방향 열차 4-4번 플렛폼,사용가능
2736,고속터미널(7),내부,승강기)엘리베이터 1,B3-B2,내부,반포역 방향 열차 6-2번 플렛폼,사용가능
2736,고속터미널(7),내부,승강기)엘리베이터 2,B3-B2,내부,내방역 방향 열차 3-2번 플렛폼,사용가능
2737,내방,내부,승강기)엘리베이터 1,B2-B3,내부,상세정보 없음,사용가능
2737,내방,내부,승강기)엘리베이터 2,B2-B3,내부,상세정보 없음,사용가능
2737,내방,내부,승강기)엘리베이터 3,B1-B2,내부,상세정보 없음,사용가능
2737,내방,내부,승강기)엘리베이터 4,F1-B1,외부,고속터미널역 방향 열차 4-2번 플렛폼,사용가능
2737,내방,내부,승강기)엘리베이터 5,F1-B1,외부,총신대입구(이수)역 방향 열차 5-2번 플렛폼,사용가능
2738,총신대입구(7),내부,승강기)엘리베이터 1,B3-B4,내부,상세정보 없음,사용가능
2738,총신대입구(7),내부,승강기)엘리베이터 2,B3-B4,내부,내방역 방향 열차 5-2번 플렛폼,사용가능
2738,총신대입구(7),내부,승강기)엘리베이터 3,F1-B3,외부,남성역 방향 열차 4-2번 플렛폼,사용가능
2739,남성,내부,승강기)엘리베이터 1,B2-B3,내부,총신대입구(이수)역 방향 열차 3-2번 플렛폼,사용가능
2739,남성,내부,승강기)엘리베이터 2,B2-B3,내부,숭실대입구역 방향 열차 6-2번 플렛폼,사용가능
2740,숭실대입구,내부,승강기)엘리베이터 1,B2-B6,내부,상세정보 없음,사용가능
2740,숭실대입구,내부,승강기)엘리베이터 2,B2-B6,내부,상세정보 없음,사용가능
2740,숭실대입구,내부,승강기)엘리베이터 3,F1-B2,외부,남성역 방향 열차 3-3번 플렛폼,사용가능
2740,숭실대입구,내부,승강기)엘리베이터 4,F1-B3,외부,상도역 방향 열차 6-1번 플렛폼,사용가능
2741,상도,내부,승강기)엘리베이터 1,B2-B3,내부,상세정보 없음,점검중
2741,상도,내부,승강기)엘리베이터 2,B2-B3,내부,숭실대입구역 방향 열차 4-4번 플렛폼,점검중
2741,상도,내부,승강기)엘리베이터 3,F1-B2,외부,장승배기역 방향 열차 4-4번 플렛폼,점검중
2742,장승배기,내부,승강기)엘리베이터 1,B2-B3,내부,상세정보 없음,사용가능
2742,장승배기,내부,승강기)엘리베이터 2,B2-B3,내부,상도역 방향 열차 4-4번 플렛폼,사용가능
2742,장승배기,내부,승강기)엘리베이터 3,F1-B2,외부,신대방삼거리역 방향 열차 4-4번 플렛폼,사용가능
2743,신대방삼거리,내부,승강기)엘리베이터 1,B2-B3,내부,상세정보 없음,사용가능
2743,신대방삼거리,내부,승강기)엘리베이터 2,B2-B3,내부,장승배기역 방향 열차 4-4번 플렛폼,사용가능
2743,신대방삼거리,내부,승강기)엘리베이터 3,B1-B2,내부,보라매역 방향 열차 4-4번 플렛폼,사용가능
2744,보라매,내부,승강기)엘리베이터 1,B1-B2,내부,신대방삼거리역 방향 열차 5-1번 플렛폼,사용가능
2744,보라매,내부,승강기)엘리베이터 2,F1-B1,외부,신풍역 방향 열차 4-3번 플렛폼,사용가능
2745,신풍,내부,승강기)엘리베이터 1,B1-B2,내부,상세정보 없음,사용가능
2745,신풍,내부,승강기)엘리베이터 2,B1-B2,내부,상세정보 없음,사용가능
2745,신풍,내부,승강기)엘리베이터 3,F1-B1,외부,보라매역 방향 열차 4-1번 플렛폼,사용가능
2745,신풍,내부,승강기)엘리베이터 4,F1-B1,외부,대림역 방향 열차 5-4번 플렛폼,사용가능
2746,대림(7),내부,승강기)엘리베이터 1,B1-B2,내부,신풍역 방향 열차 5-1번 플렛폼,사용가능
2746,대림(7),내부,승강기)엘리베이터 2,B1-B2,내부,남구로역 방향 열차 5-1번 플렛폼,사용가능
2748,가산디지털단지(7),내부,승강기)엘리베이터 1,B2-B3-B4,상행 승강장,상세정보 없음,사용가능
2748,가산디지털단지(7),내부,승강기)엘리베이터 2,B2-B3-B4,하행 승강장,남구로역 방향 열차 4-1번 플렛폼,사용가능
2748,가산디지털단지(7),내부,승강기)엘리베이터 3,B1-B2,B2 대합실,철산역 방향 열차 5-4번 플렛폼,사용가능
2749,철산,내부,승강기)엘리베이터 1,B1-B2,내부,상세정보 없음,사용가능
2749,철산,내부,승강기)엘리베이터 2,B1-B2,내부,상세정보 없음,사용가능
2749,철산,내부,승강기)엘리베이터 3,F1-B1,외부,가산디지털단지역 방향 4-4번 플렛폼,사용가능
2749,철산,내부,승강기)엘리베이터 4,F1-B1,외부,광명사거리역 방향 열차 5-1번 플렛폼,사용가능
2750,광명사거리,내부,승강기)엘리베이터 1,B2-B3,내부,철산역 방향 열차 2-2번 플렛폼,사용가능
2750,광명사거리,내부,승강기)엘리베이터 2,F1-B2,외부,상세정보 없음,사용가능
2751,천왕,내부,승강기)엘리베이터 1,B1-B2,내부,상세정보 없음,사용가능
2751,천왕,내부,승강기)엘리베이터 2,B1-B2,내부,상세정보 없음,사용가능
2751,천왕,내부,승강기)엘리베이터 3,F1-B1,외부,광명사거리역 방향 열차 4-4번 플렛폼,사용가능
2751,천왕,내부,승강기)엘리베이터 4,F1-B1,외부,온수역 방향 열차 5-1번 플렛폼,사용가능
2752,온수(7),내부,승강기)엘리베이터 1,B1-B2,내부,상세정보 없음,사용가능
2752,온수(7),내부,승강기)엘리베이터 2,B1-B2,내부,찬왕역 방향 열차 5-1번 플렛폼,사용가능
2752,온수(7),내부,승강기)엘리베이터 3,F1-B1,외부,까치울역 방향 열차 4-4번 플렛폼,사용가능
2753,까치울,내부,승강기)엘리베이터 1,B1-B2,내부,온수역 방향 열차 3-2번 플렛폼,사용가능
2753,까치울,내부,승강기)엘리베이터 2,F1-B1,외부,온수역 방향 열차 6-3번 플렛폼,사용가능
2754,부천종합운동장,내부,승강기)엘리베이터 1,B1-B2,내부,상세정보 없음,사용가능
2754,부천종합운동장,내부,승강기)엘리베이터 2,F1-B1,외부,상세정보 없음,사용가능
2754,부천종합운동장,내부,승강기)엘리베이터 3,F1-B1,외부,까치울역 방향 열차 4-2번 플렛폼,사용가능
2754,부천종합운동장,내부,승강기)엘리베이터 4,F2-BM1,외부,춘의역 방향 열차 5-3번 플렛폼,사용가능
2755,춘의,내부,승강기)엘리베이터 1,B1-B2,내부,상세정보 없음,사용가능
2755,춘의,내부,승강기)엘리베이터 2,F1-B1,외부,부천종합운동장역 방향 열차 4-4번 플렛폼,사용가능
2755,춘의,내부,승강기)엘리베이터 3,F1-B1,외부,신중동역 방향 열차 5-1번 플렛폼,사용가능
2756,신중동,내부,승강기)엘리베이터 1,B1-B2,내부,상세정보 없음,사용가능
2756,신중동,내부,승강기)엘리베이터 2,F1-B1,외부,상세정보 없음,사용가능
2756,신중동,내부,승강기)엘리베이터 3,F1-B1,외부,춘의역 방향 열차 5-3번 플렛폼,사용가능
2756,신중동,내부,승강기)엘리베이터 4,F1-B1,외부,부천시청역 방향 열차 4-2번 플렛폼,사용가능
2757,부천시청,내부,승강기)엘리베이터 1,B1-B2,내부,상세정보 없음,사용가능
2757,부천시청,내부,승강기)엘리베이터 2,F1-B1,외부,신중동역 방향 열차 4-2번 플렛폼,사용가능
2757,부천시청,내부,승강기)엘리베이터 3,F1-B1,외부,상동역 방향 열차 5-3번 플렛폼,사용가능
2758,상동,내부,승강기)엘리베이터 1,B1-B2,내부,상세정보 없음,사용가능
2758,상동,내부,승강기)엘리베이터 2,B1-B2,내부,상세정보 없음,사용가능
2758,상동,내부,승강기)엘리베이터 3,F1-B1,외부,부천시청역 방향 열차 5-1번 플렛폼,사용가능
2758,상동,내부,승강기)엘리베이터 4,F1-B1,외부,삼산체육관역 방향 열차 4-4번 플렛폼,사용가능
2759,삼산체육관,내부,승강기)엘리베이터 1,B1-B2,내부,상세정보 없음,사용가능
2759,삼산체육관,내부,승강기)엘리베이터 2,B1-B2,내부,상세정보 없음,사용가능
2759,삼산체육관,내부,승강기)엘리베이터 3,F1-B1,외부,상동역 방향 열차 5-3번 플렛폼,사용가능
2759,삼산체육관,내부,승강기)엘리베이터 4,F1-B1,외부,굴포천역 방향 열차 5-3번 플렛폼,사용가능
2760,굴포천,내부,승강기)엘리베이터 1,B1-B2,내부,상세정보 없음,사용가능
2760,굴포천,내부,승강기)엘리베이터 2,B1-B2,내부,상세정보 없음,사용가능
2760,굴포천,내부,승강기)엘리베이터 3,F1-B1,외부,삼산체육관역 방향 열차 5-1번 플렛폼,사용가능
2760,굴포천,내부,승강기)엘리베이터 4,F1-B1,외부,부평구청역 방향 열차 4-4번 플렛폼,사용가능
2761,부평구청(7),내부,승강기)엘리베이터 1,B1-B3,내부,상세정보 없음,사용가능
2761,부평구청(7),내부,승강기)엘리베이터 2,B1-B3,내부,상세정보 없음,사용가능
2761,부평구청(7),내부,승강기)엘리베이터 3,B2-B3,내부,상세정보 없음,사용가능
2761,부평구청(7),내부,승강기)엘리베이터 4,B2-B3,내부,상세정보 없음,사용가능
2761,부평구청(7),내부,승강기)엘리베이터 5,B2-B2,내부,상세정보 없음,사용가능
2761,부평구청(7),내부,승강기)엘리베이터 6,B2-B2,내부,상세정보 없음,사용가능
2761,부평구청(7),내부,승강기)엘리베이터 7,F1-B1,외부,굴포천 방향 열차 5-4번 플렛폼,사용가능
2761,부평구청(7),내부,승강기)엘리베이터 8,F1-B1,외부,굴포천 방향 열차 1-1번 플렛폼,사용가능
2761,부평구청(7),내부,승강기)엘리베이터 9,F1-B4 (관리동),외부,산곡역 방향 열차 4-1번 플렛폼,사용가능
2811,암사,내부,승강기)엘리베이터 1,B2-B1,내부,상세정보 없음,사용가능
2811,암사,내부,승강기)엘리베이터 2,B2-B1,내부,상세정보 없음,사용가능
2811,암사,내부,승강기)엘리베이터 3,B1-F1,외부,천호역 방향 열차 3-4번 플렛폼,사용가능
2812,천호(8),내부,승강기)엘리베이터 1,B2-B1,내부,암사역 방향 열차 5-4번 플렛폼,사용가능
2812,천호(8),내부,승강기)엘리베이터 2,B2-B1,내부,강동구청역 방향 열차 2-2번 플렛폼,사용가능
2813,강동구청,내부,승강기)엘리베이터 1,B3-B2,내부,천호역 방향 열차 3-3번 플렛폼,점검중
2813,강동구청,내부,승강기)엘리베이터 2,B3-B2,내부,몽촌토성역 방향 열차 4-2번 플렛폼,점검중
2814,몽촌토성,내부,승강기)엘리베이터 1,B3-B2,내부,잠실역 방향 열차 3-4번 플렛폼,사용가능
2814,몽촌토성,내부,승강기)엘리베이터 2,B3-B2,내부,강동구청역 방향 열차 3-4번 플렛폼,사용가능
2814,몽촌토성,내부,승강기)엘리베이터 3,B2-B1,내부,지하 2층 대합실,사용가능
2814,몽촌토성,내부,승강기)엘리베이터 4,B1-1F,외부,4번 출입구,사용가능
2815,잠실(8),내부,승강기)엘리베이터 1,B2-F1,외부,10번 출입구,사용가능
2815,잠실(8),내부,승강기)엘리베이터 1,B1-B3,상행 승강장,상세정보 없음,사용가능
2815,잠실(8),내부,승강기)엘리베이터 2,B1-B3,하행 승강장,상세정보 없음,사용가능
2816,석촌(8),내부,승강기)엘리베이터 1,B2-B1,내부,상세정보 없음,사용가능
2816,석촌(8),내부,승강기)엘리베이터 2,B2-B1,내부,상세정보 없음,사용가능
2816,석촌(8),내부,승강기)엘리베이터 3,B1-F1,외부,1번 출입구,사용가능
2817,송파,내부,승강기)엘리베이터 1,B2-B1,내부,상세정보 없음,사용가능
2817,송파,내부,승강기)엘리베이터 2,B2-B1,내부,상세정보 없음,사용가능
2817,송파,내부,승강기)엘리베이터 4,B1-1F,연결통로,1번 출입구 연결통로 ,사용가능
2818,가락시장(8),내부,승강기)엘리베이터 1,B2-B1,내부,상세정보 없음,사용가능
2818,가락시장(8),내부,승강기)엘리베이터 2,B2-B1,내부,상세정보 없음,사용가능
2818,가락시장(8),내부,승강기)엘리베이터 3,B3-B2,내부,상세정보 없음,사용가능
2818,가락시장(8),내부,승강기)엘리베이터 4,B3-B2,내부,상세정보 없음,사용가능
2819,문정,내부,승강기)엘리베이터 1,B2-B1,내부,상세정보 없음,사용가능
2819,문정,내부,승강기)엘리베이터 2,B2-B1,내부,상세정보 없음,사용가능
2819,문정,내부,승강기)엘리베이터 3,B1-F1,외부,상세정보 없음,사용가능
2820,장지,내부,승강기)엘리베이터 1,B2-B1,내부,문정역 방향 열차 3-4번 플렛폼,사용가능
2820,장지,내부,승강기)엘리베이터 2,B2-B1,내부,복정역 방향 열차 4-1번 플렛폼,사용가능
2820,장지,내부,승강기)엘리베이터 3,B1-F1,외부,상세정보 없음,보수중
2820,장지,내부,승강기)엘리베이터 4,B1-F1,외부,상세정보 없음,사용가능
2821,복정(8),내부,승강기)엘리베이터 1,B3-B1,내부,장지역 방향 열차 3-4번 플렛폼,사용가능
2821,복정(8),내부,승강기)엘리베이터 1,B3-B1,내부,남위례역 방향 열차 3-4번 플렛폼,사용가능
2822,산성,내부,승강기)엘리베이터 1,B3-B2,내부,상세정보 없음,사용가능
2822,산성,내부,승강기)엘리베이터 2,B3-B2,내부,남위례역 방향 열차 6-3 플렛폼,보수중
2822,산성,내부,승강기)엘리베이터 3,B2-B1,내부,남한산성입구역 방향 열차 1-2번 플렛폼,사용가능
2822,산성,내부,승강기)엘리베이터 4,B1-F1,외부,상세정보 없음,사용가능
2823,남한산성입구,내부,승강기)엘리베이터 1,B2-B3,상행 승강장,산성역 방향 열차 4-1번 플렛폼,사용가능
2823,남한산성입구,내부,승강기)엘리베이터 2,F1-B3,하행 승강장,단대오거리역 방향 열차 3-4번 플렛폼,사용가능
2824,단대오거리,내부,승강기)엘리베이터 1,B3-B1,내부,남한산성입구역 방향 열차 5-1번 플렛폼,사용가능
2824,단대오거리,내부,승강기)엘리베이터 2,B3-B1,내부,신흥역 방향 열차 2-4번 플렛폼,사용가능
2824,단대오거리,내부,승강기)엘리베이터 3,B1-F1,외부,상세정보 없음,사용가능
2825,신흥,내부,승강기)엘리베이터 1,B2-B1,내부,단대오거리 방향 열차 3-4번 플렛폼,사용가능
2825,신흥,내부,승강기)엘리베이터 2,B2-B1,내부,수진역 방향 열차 4-1번 플렛폼,사용가능
2826,수진,내부,승강기)엘리베이터 1,B2-B1,내부,신흥역 방향 열차 4-1번 플렛폼,사용가능
2826,수진,내부,승강기)엘리베이터 2,B2-B1,내부,모란역 방향 열차 3-4번 플렛폼,사용가능
2827,모란(8),내부,승강기)엘리베이터 1,B3-B1,상행 승강장,상세정보 없음,사용가능
2827,모란(8),내부,승강기)엘리베이터 2,B3-B2,종점 승강장,상세정보 없음,사용가능
2828,남위례,내부,승강기)엘리베이터 3,F2-F3,하행 승강장,상세정보 없음,사용가능
