,구분,호선,,화장실,엘리베이터,리프트,안전발판,안전거리,충전,이전역 (왼쪽),다음역 (오른쪽),lon,lat,안전하차
1-소요산,소요산,1,1916,1,1,0,1,8,0,-,1-동두천,127.061,37.9481,1-4 | 4-4 | 7-1 | 10-1
1-동두천,동두천,1,1915,1,1,0,1,9.5,0,1-소요산,1-보산,127.0548,37.92788,1-4 | 4-4 | 7-1 | 10-1
1-보산,보산,1,1914,1,1,0,0,8.9,0,1-동두천,1-동두천중앙,127.0573,37.9137,1-4 | 4-4 | 7-1 | 10-1
1-동두천중앙,동두천중앙,1,1913,1,1,0,1,9.7,3,1-보산,1-지행,127.0565,37.90189,1-4 | 4-4 | 7-1 | 10-1
1-지행,지행,1,1912,1,1,0,1,10.1,0,1-동두천중앙,1-덕정,127.0557,37.89233,1-4 | 4-4 | 7-1 | 10-1
1-덕계,덕계,1,1910,1,1,0,1,8.9,0,1-덕정,1-양주,127.0565,37.81849,1-4 | 4-4 | 7-1 | 10-1
1-양주,양주,1,1909,1,1,0,1,10.4,0,1-덕계,1-녹양,127.0447,37.77438,1-4 | 4-4 | 7-1 | 10-1
1-녹양,녹양,1,1908,1,1,0,0,10.7,0,1-양주,1-가능,127.0423,37.75938,1-4 | 4-4 | 7-1 | 10-1
1-신창,신창,1,1408,1,1,0,0,7.3,0,1-온양온천,-,126.9511,36.7695,1-4 | 4-4 | 7-1 | 10-1
1-배방,배방,1,1405,1,1,0,0,8.8,0,1-탕정,1-온양온천,127.053,36.77763,1-4 | 4-4 | 7-1 | 10-1
1-탕정,탕정,1,-,1,1,0,0,-,0,1-아산,1-배방,-,-,1-4 | 4-4 | 7-1 | 10-1
1-아산,아산,1,1403,1,1,0,1,11.5,0,1-쌍용,1-탕정,127.1044,36.79205,1-4 | 4-4 | 7-1 | 10-1
1-쌍용,쌍용,1,1402,1,1,0,0,9.8,2,1-봉명,1-아산,127.1214,36.79376,1-4 | 4-4 | 7-1 | 10-1
1-봉명,봉명,1,1401,1,1,0,0,9.8,2,1-천안,1-쌍용,127.1358,36.80122,1-4 | 4-4 | 7-1 | 10-1
1-서동탄,서동탄,1,1749,1,1,0,1,7.3,1,1-병점,-,127.0517,37.1955,1-4 | 4-4 | 7-1 | 10-1
1-당정,당정,1,1729,1,1,0,1,9.6,0,1-군포,1-의왕,126.9483,37.34429,1-4 | 4-4 | 7-1 | 10-1
1-도화,도화,1,1823,1,1,0,0,10.2,0,1-주안,1-제물포,126.6687,37.46607,1-4 | 4-4 | 7-1 | 10-1
1-광명,광명,1,1750,1,1,0,0,-,0,1-금천구청,-,126.8845,37.41618,1-4 | 4-4 | 7-1 | 10-1
1-서울역,서울역,1,150,1,1,1,1,10.8,0,1-시청,1-남영,126.9726,37.55465,1-4 | 4-4 | 7-1 | 10-1
1-시청,시청,1,151,1,1,0,1,9.2,0,1-종각,1-서울역,126.9771,37.56472,1-4 | 4-4 | 7-1 | 10-1
1-종각,종각,1,152,1,1,0,1,8.9,1,1-종로 3가,1-시청,126.9829,37.57016,1-4 | 4-4 | 7-1 | 10-1
1-종로3가,종로3가,1,153,1,1,1,1,9.4,1,1-종로 5가,1-종각,126.9918,37.57161,1-4 | 4-4 | 7-1 | 10-1
1-종로5가,종로5가,1,154,1,1,0,1,9.4,0,1-동대문,1-종로 3가,127.0018,37.57093,1-4 | 4-4 | 7-1 | 10-1
1-신설동,신설동,1,156,1,1,1,1,12.3,0,1-제기동,1-동묘앞,127.0251,37.5753,1-4 | 4-4 | 7-1 | 10-1
1-제기동,제기동,1,157,1,1,0,1,10.5,1,1-청량리,1-신설동,127.0349,37.5781,1-4 | 4-4 | 7-1 | 10-1
1-청량리,청량리,1,158,0,1,1,1,8.6,0,1-회기,1-제기동,127.0254,37.34511,1-4 | 4-4 | 7-1 | 10-1
1-동묘앞,동묘앞,1,159,1,1,0,1,6.8,1,1-동대문,1-동묘앞,127.0164,37.57263,1-4 | 4-4 | 7-1 | 10-1
1-창동,창동,1,412,1,1,1,1,11.1,1,1-방학,1-녹천,127.0477,37.65317,1-4 | 4-4 | 7-1 | 10-1
1-동대문,동대문,1,421,1,1,1,1,12.7,1,1-동묘앞,1-종로 5가,127.0097,37.57142,1-4 | 4-4 | 7-1 | 10-1
1-남영,남영,1,1002,1,0,1,0,7.3,0,1-서울역,1-용산,126.9713,37.54102,1-4 | 4-4 | 7-1 | 10-1
1-용산,용산,1,1003,1,1,0,1,6.8,0,1-남영,1-노량진,126.9646,37.52985,1-4 | 4-4 | 7-1 | 10-1
1-대방,대방,1,1005,1,1,0,1,17.9,0,1-노량진,1-신길,126.9264,37.51334,1-4 | 4-4 | 7-1 | 10-1
1-영등포,영등포,1,1006,1,1,0,1,13.5,0,1-신길,1-신도림,126.9076,37.5155,1-4 | 4-4 | 7-1 | 10-1
1-신도림,신도림,1,1007,1,1,0,1,15.8,1,1-영등포,1-구로,126.8913,37.50873,1-4 | 4-4 | 7-1 | 10-1
1-회기,회기,1,1015,1,1,0,1,11,0,1-외대앞,1-청량리,127.0576,37.58946,1-4 | 4-4 | 7-1 | 10-1
1-외대앞,외대앞,1,1016,1,0,0,1,14.8,0,1-신이문,1-회기,127.0635,37.59607,1-4 | 4-4 | 7-1 | 10-1
1-신이문,신이문,1,1017,0,1,0,1,17,0,1-석계,1-외대앞,127.0673,37.60185,1-4 | 4-4 | 7-1 | 10-1
1-광운대,광운대,1,1019,1,1,0,1,13.7,0,1-월계,1-석계,127.0618,37.62363,1-4 | 4-4 | 7-1 | 10-1
1-월계,월계,1,1020,1,1,0,1,14.5,0,1-녹천,1-광운대,127.0588,37.63321,1-4 | 4-4 | 7-1 | 10-1
1-녹천,녹천,1,1021,1,1,0,0,13.5,0,1-창동,1-월계,127.0513,37.6448,1-4 | 4-4 | 7-1 | 10-1
1-금정,금정,1,1458,1,1,0,1,8,1,1-명학,1-군포,126.9434,37.37222,1-4 | 4-4 | 7-1 | 10-1
1-구로,구로,1,1701,1,1,0,1,8.7,0,1-신도림,1-가산디지털단지,126.882,37.50304,1-4 | 4-4 | 7-1 | 10-1
1-금천구청,금천구청,1,1703,1,1,0,1,10.4,0,1-독산,1-석수,126.894,37.45563,1-4 | 4-4 | 7-1 | 10-1
1-석수,석수,1,1704,1,1,0,1,12,0,1-금천구청,1-관악,126.9023,37.43505,1-4 | 4-4 | 7-1 | 10-1
1-관악,관악,1,1705,1,1,0,1,9.6,0,1-석수,1-안양,126.9087,37.41923,1-4 | 4-4 | 7-1 | 10-1
1-안양,안양,1,1706,1,1,0,1,8.1,0,1-관악,1-명학,126.9229,37.40159,1-4 | 4-4 | 7-1 | 10-1
1-명학,명학,1,1707,1,1,0,1,12.7,0,1-안양,1-금정,126.9354,37.38465,1-4 | 4-4 | 7-1 | 10-1
1-군포,군포,1,1709,1,1,0,1,11.8,1,1-금정,1-당정,126.9485,37.35356,1-4 | 4-4 | 7-1 | 10-1
1-의왕,의왕,1,1710,1,1,0,1,9.8,0,1-당정,1-성균관대,126.9482,37.32085,1-4 | 4-4 | 7-1 | 10-1
1-성균관대,성균관대,1,1711,1,1,0,1,10.5,0,1-의왕,1-화서,126.9708,37.30035,1-4 | 4-4 | 7-1 | 10-1
1-화서,화서,1,1712,1,1,0,1,9.2,0,1-성균관대,1-수원,126.9896,37.28386,1-4 | 4-4 | 7-1 | 10-1
1-수원,수원,1,1713,1,1,0,1,7,0,1-화서,1-세류,126.9999,37.26597,1-4 | 4-4 | 7-1 | 10-1
1-독산,독산,1,1714,1,1,0,1,7.4,0,1-가산디지털단지,1-금천구청,126.8892,37.46661,1-4 | 4-4 | 7-1 | 10-1
1-세류,세류,1,1715,1,1,0,0,12.4,0,1-수원,1-병점,127.0132,37.24503,1-4 | 4-4 | 7-1 | 10-1
1-병점,병점,1,1716,0,1,0,1,10.2,1,1-세류,1-세마,127.0327,37.2075,1-4 | 4-4 | 7-1 | 10-1
1-세마,세마,1,1717,1,1,0,1,11.2,2,1-병점,1-오산대,127.0432,37.18753,1-4 | 4-4 | 7-1 | 10-1
1-오산대,오산대,1,1718,1,1,0,1,9.2,2,1-세마,1-오산,127.0632,37.16895,1-4 | 4-4 | 7-1 | 10-1
1-오산,오산,1,1719,1,1,0,1,13.3,0,1-오산대,1-진위,127.0667,37.14589,1-4 | 4-4 | 7-1 | 10-1
1-진위,진위,1,1720,1,1,0,1,13.8,0,1-오산,1-송탄,127.0623,37.10945,1-4 | 4-4 | 7-1 | 10-1
1-송탄,송탄,1,1721,1,1,0,1,14.7,0,1-진위,1-서정리,127.0543,37.0757,1-4 | 4-4 | 7-1 | 10-1
1-서정리,서정리,1,1722,1,1,0,1,13.7,0,1-송탄,1-지제,127.0528,37.0565,1-4 | 4-4 | 7-1 | 10-1
1-지제,평택지제,1,1723,0,1,0,1,13.7,0,1-서정리,1-평택,127.0704,37.0188,1-4 | 4-4 | 7-1 | 10-1
1-평택,평택,1,1724,1,1,0,1,15.3,0,1-지제,1-성환,127.0852,36.99073,1-4 | 4-4 | 7-1 | 10-1
1-성환,성환,1,1725,1,1,0,0,10.2,0,1-평택,1-직산,127.127,36.91608,1-4 | 4-4 | 7-1 | 10-1
1-직산,직산,1,1726,1,1,0,1,9.9,1,1-성환,1-두정,127.1439,36.87059,1-4 | 4-4 | 7-1 | 10-1
1-두정,두정,1,1727,1,1,0,0,10.9,2,1-직산,1-천안,127.149,36.83371,1-4 | 4-4 | 7-1 | 10-1
1-천안,천안,1,1728,1,1,0,1,11,2,1-두정,1-봉명,127.1468,36.81001,1-4 | 4-4 | 7-1 | 10-1
1-개봉,개봉,1,1801,1,1,0,1,8.5,0,1-구일(동양미래대학),1-오류동,126.8587,37.49459,1-4 | 4-4 | 7-1 | 10-1
1-오류동,오류동,1,1802,1,1,0,1,9.3,0,1-개봉,1-온수,126.8454,37.49453,1-4 | 4-4 | 7-1 | 10-1
1-역곡,역곡,1,1803,1,1,0,1,8.7,0,1-온수,1-소사,126.8115,37.48518,1-4 | 4-4 | 7-1 | 10-1
1-부천,부천,1,1804,1,1,0,1,9.6,0,1-소사,1-중동,126.7827,37.48405,1-4 | 4-4 | 7-1 | 10-1
1-송내,송내,1,1805,1,1,0,1,10.3,0,1-중동,1-부개,126.7537,37.4876,1-4 | 4-4 | 7-1 | 10-1
1-부평,부평,1,1806,1,1,0,1,7.4,0,1-부개,1-백운,126.7248,37.48949,1-4 | 4-4 | 7-1 | 10-1
1-백운,백운,1,1807,1,1,0,1,10.3,0,1-부평,1-동암,126.7077,37.48366,1-4 | 4-4 | 7-1 | 10-1
1-동암,동암,1,1808,1,1,0,1,9.1,0,1-백운,1-간석,126.7029,37.47141,1-4 | 4-4 | 7-1 | 10-1
1-주안,주안,1,1809,1,1,0,0,8.5,0,1-간석,1-도화,126.6799,37.46494,1-4 | 4-4 | 7-1 | 10-1
1-제물포,제물포,1,1810,1,1,0,0,10.9,1,1-도화,1-도원,126.6567,37.46677,1-4 | 4-4 | 7-1 | 10-1
1-동인천,동인천,1,1811,1,1,0,0,10.1,0,1-도원,1-인천,126.6328,37.47528,1-4 | 4-4 | 7-1 | 10-1
1-인천,인천,1,1812,1,1,0,1,10.6,0,1-동인천,-,126.6169,37.47669,1-4 | 4-4 | 7-1 | 10-1
1-구일,구일,1,1813,1,1,0,1,11,0,1-구로,1-개봉,126.8708,37.49676,1-4 | 4-4 | 7-1 | 10-1
1-소사,소사,1,1814,1,1,0,1,7.9,1,1-역곡,1-부천,126.7954,37.48275,1-4 | 4-4 | 7-1 | 10-1
1-부개,부개,1,1815,1,1,0,1,11,0,1-송내,1-부평,126.7411,37.48842,1-4 | 4-4 | 7-1 | 10-1
1-간석,간석,1,1816,1,1,0,0,10.8,0,1-동암,1-주안,126.6942,37.46474,1-4 | 4-4 | 7-1 | 10-1
1-도원,도원,1,1817,1,1,0,1,10.5,0,1-제물포,1-동인천,126.6427,37.46845,1-4 | 4-4 | 7-1 | 10-1
1-중동,중동,1,1822,1,1,0,1,9.9,0,1-부천,1-송내,126.7648,37.48656,1-4 | 4-4 | 7-1 | 10-1
1-방학,방학,1,1901,1,1,0,0,11.3,0,1-도봉,1-창동,127.0443,37.6675,1-4 | 4-4 | 7-1 | 10-1
1-도봉,도봉,1,1902,1,1,0,0,14.5,1,1-도봉산,1-방학,127.0456,37.67956,1-4 | 4-4 | 7-1 | 10-1
1-망월사,망월사,1,1904,1,0,0,1,11.9,0,1-회룡,1-도봉산,127.0475,37.70991,1-4 | 4-4 | 7-1 | 10-1
1-회룡,회룡,1,1905,1,1,0,1,14.3,0,1-의정부,1-망월사,127.0469,37.72485,1-4 | 4-4 | 7-1 | 10-1
1-의정부,의정부,1,1906,1,1,0,1,14.9,0,1-가능,1-회룡,127.046,37.73842,1-4 | 4-4 | 7-1 | 10-1
1-가능,가능,1,1907,1,1,0,0,16,0,1-녹양,1-의정부,127.0442,37.74858,1-4 | 4-4 | 7-1 | 10-1
1-신길,신길,1,2526,1,1,1,1,16.9,1,1-대방,1-영등포,126.9172,37.51712,1-4 | 4-4 | 7-1 | 10-1
1-석계,석계,1,2645,1,1,1,1,13.2,0,1-광운대,1-신이문,127.0659,37.61481,1-4 | 4-4 | 7-1 | 10-1
1-덕정,덕정,1,1911,1,1,0,0,-,0,1-지행,1-덕계,127.0613,37.84319,1-4 | 4-4 | 7-1 | 10-1
1-도봉산,도봉산,1,2712,1,1,0,0,13.6,1,1-망월사,1-도봉,127.0462,37.68931,1-4 | 4-4 | 7-1 | 10-1
1-가산디지털단지,가산디지털단지,1,2748,1,1,1,0,9.3,0,1-구로,1-독산,126.8823,37.48107,1-4 | 4-4 | 7-1 | 10-1
1-온수,온수,1,2752,1,1,1,1,8.8,1,1-오류동,1-역곡,126.8234,37.49226,1-4 | 4-4 | 7-1 | 10-1
1-노량진,노량진,1,4117,1,1,0,1,12.3,0,1-용산,1-대방,126.9425,37.51422,1-4 | 4-4 | 7-1 | 10-1
2-시청,시청,2,151,1,1,0,1,9,0,2-을지로입구,2-충정로,126.9753,37.56353,1-4 | 4-4 | 7-1 | 10-1
2-신설동,신설동,2,156,1,1,1,1,8.9,0,2-용두,-,127.0252,37.57465,1-4 | 4-1
2-까치산,까치산,2,200,1,0,0,0,8.2,0,-,2-신정네거리,126.5048,37.31543,(신도림방향)3-4 | (까치산방향)4-1
2-을지로입구,을지로입구,2,202,1,1,0,1,9.3,0,2-을지로 3가,2-시청,126.9826,37.566,1-4 | 4-4 | 7-1 | 10-1
2-을지로4가,을지로4가,2,204,1,1,0,1,10.5,0,2-동대문역사문화공원,2-을지로 3가,126.9981,37.56661,1-4 | 4-4 | 7-1 | 10-1
2-신당,신당,2,206,1,1,0,1,7.7,0,2-상왕십리,2-동대문역사문화공원,127.0195,37.56568,1-4 | 4-4 | 7-1 | 10-1
2-상왕십리,상왕십리,2,207,1,1,0,1,9.5,1,2-왕십리,2-신당,127.0289,37.5645,1-4 | 4-4 | 7-1 | 10-1
2-왕십리,왕십리,2,208,1,1,0,1,5.6,0,2-한양대,2-상왕십리,127.0355,37.56116,1-4 | 4-4 | 7-1 | 10-1
2-한양대,한양대,2,209,1,1,1,1,8,1,2-뚝섬,2-왕십리,127.0435,37.55658,1-4 | 4-4 | 7-1 | 10-1
2-뚝섬,뚝섬,2,210,1,1,0,1,7.5,1,2-성수,2-한양대,127.0474,37.54718,1-4 | 4-4 | 7-1 | 10-1
2-성수,성수,2,211,1,1,0,1,5.6,1,2-건대입구,2-뚝섬,127.056,37.54463,1-4 | 4-1
2-건대입구,건대입구,2,212,1,1,0,1,9,1,2-구의,2-성수,127.0692,37.54041,1-4 | 4-4 | 7-1 | 10-1
2-구의,구의,2,213,1,1,0,1,8.2,0,2-강변,2-건대입구,127.085,37.53686,1-4 | 4-4 | 7-1 | 10-1
2-강변,강변,2,214,1,1,0,1,7,0,2-잠실나루,2-구의,127.0947,37.53516,1-4 | 4-4 | 7-1 | 10-1
2-잠실나루,잠실나루,2,215,1,1,0,1,7.2,0,2-잠실,2-강변,127.1038,37.52069,1-4 | 4-4 | 7-1 | 10-1
2-잠실새내,잠실새내,2,217,1,1,0,1,10.9,0,2-종합운동장,2-잠실,127.1037,37.52073,1-4 | 4-4 | 7-1 | 10-1
2-종합운동장,종합운동장,2,218,1,1,0,1,10.6,1,2-삼성,2-잠실새내,127.0736,37.51101,1-4 | 4-4 | 7-1 | 10-1
2-삼성,삼성,2,219,1,1,1,1,8.7,0,2-선릉,2-종합운동장,127.0632,37.50883,1-4 | 4-4 | 7-1 | 10-1
2-선릉,선릉,2,220,1,1,0,1,8.6,1,2-역삼,2-삼성,127.0482,37.50426,1-4 | 4-4 | 7-1 | 10-1
2-역삼,역삼,2,221,1,1,0,1,9.8,0,2-강남,2-선릉,127.0364,37.50066,1-4 | 4-4 | 7-1 | 10-1
2-강남,강남,2,222,1,1,0,1,8,0,2-교대,2-역삼,127.0275,37.49796,1-4 | 4-4 | 7-1 | 10-1
2-서초,서초,2,224,1,1,0,1,9.1,1,2-방배,2-교대,127.0079,37.49191,1-4 | 4-4 | 7-1 | 10-1
2-방배,방배,2,225,1,1,0,1,7.5,0,2-사당,2-서초,126.9976,37.48147,1-4 | 4-4 | 7-1 | 10-1
2-사당,사당,2,226,1,1,0,1,8.5,1,2-낙성대,2-방배,126.9816,37.47654,1-4 | 4-4 | 7-1 | 10-1
2-낙성대,낙성대,2,227,1,1,0,1,8.6,0,2-서울대입구,2-사당,126.9638,37.47693,1-4 | 4-4 | 7-1 | 10-1
2-서울대입구,서울대입구,2,228,1,1,0,1,6.5,0,2-봉천,2-낙성대,126.9527,37.48123,1-4 | 4-4 | 7-1 | 10-1
2-봉천,봉천,2,229,1,1,0,1,7.7,0,2-신림,2-서울대입구,126.9419,37.48242,1-4 | 4-4 | 7-1 | 10-1
2-신림,신림,2,230,1,1,0,1,10.7,0,2-신대방,2-봉천,126.9296,37.48422,1-4 | 4-4 | 7-1 | 10-1
2-신대방,신대방,2,231,1,1,0,1,11.6,0,2-구로디지털단지,2-신림,126.9133,37.48753,1-4 | 4-4 | 7-1 | 10-1
2-구로디지털단지,구로디지털단지,2,232,1,1,0,1,9.1,0,2-대림,2-신대방,126.9026,37.48501,1-4 | 4-4 | 7-1 | 10-1
2-문래,문래,2,235,1,1,0,1,8.6,0,2-영등포구청,2-신도림,126.8948,37.51799,1-4 | 4-4 | 7-1 | 10-1
2-합정,합정,2,238,1,1,0,1,7.6,1,2-홍대입구,2-당산,126.9146,37.55003,1-4 | 4-4 | 7-1 | 10-1
2-홍대입구,홍대입구,2,239,1,1,0,1,6.7,0,2-신촌,2-합정,126.9236,37.55675,1-4 | 4-4 | 7-1 | 10-1
2-신촌,신촌,2,240,1,1,0,1,10.5,0,2-이대,2-홍대입구,126.9369,37.55515,1-4 | 4-4 | 7-1 | 10-1
2-이대,이대,2,241,1,1,0,1,9.7,1,2-아현,2-신촌,126.9459,37.55673,1-4 | 4-4 | 7-1 | 10-1
2-아현,아현,2,242,1,1,0,1,10.5,1,2-충정로,2-이대,126.9561,37.55741,1-4 | 4-4 | 7-1 | 10-1
2-충정로,충정로,2,243,1,1,0,1,11.6,1,2-시청,2-아현,126.9645,37.55974,1-4 | 4-4 | 7-1 | 10-1
2-용답,용답,2,244,0,0,1,1,8.1,0,2-성수,2-신답,126.9779,37.56641,1-4 | 4-1
2-신답,신답,2,245,1,1,0,1,13,0,2-용답,2-용두,127.0563,37.56147,1-4 | 4-1
2-도림천,도림천,2,247,1,1,0,1,8.6,0,2-양천구청,2-신도림,126.8826,37.51476,(신도림방향)3-4 | (까치산방향)4-1
2-양천구청,양천구청,2,248,1,1,0,1,8.5,0,2-신정네거리,2-도림천,126.8652,37.51219,(신도림방향)3-4 | (까치산방향)4-1
2-신정네거리,신정네거리,2,249,1,1,1,1,10,0,2-까치산,2-양천구청,126.8528,37.52022,(신도림방향)3-4 | (까치산방향)4-1
2-용두,용두,2,250,1,1,0,1,10,0,2-신답,2-신설동,127.0381,37.57401,1-4 | 4-1
2-을지로3가,을지로3가,2,320,1,1,0,1,10.5,0,2-을지로 4가 ,2-을지로입구,126.9918,37.56629,1-4 | 4-4 | 7-1 | 10-1
2-교대,교대,2,330,1,1,1,1,8.5,0,2-서초,2-강남,127.0146,37.49396,1-4 | 4-4 | 7-1 | 10-1
2-동대문역사문화공원,동대문역사문화공원,2,422,1,1,0,1,5.9,0,2-신당,2-을지로 4가,127.0091,37.56561,1-4 | 4-4 | 7-1 | 10-1
2-신도림,신도림,2,1007,1,1,0,0,6.7,1,2-문래,2-대림,126.8912,37.50882,1-4 | 4-4 | 7-1 | 10-1
2-영등포구청,영등포구청,2,2524,1,1,1,1,9.4,0,2-당산,2-문래,126.8966,37.52577,1-4 | 4-4 | 7-1 | 10-1
2-대림,대림,2,2746,1,1,1,0,8.2,1,2-신도림,2-구로디지털단지,126.8953,37.49243,1-4 | 4-4 | 7-1 | 10-1
2-잠실,잠실,2,2815,1,1,1,1,8.3,1,2-잠실새내,2-잠실나루,127.1001,37.51331,1-4 | 4-4 | 7-1 | 10-1
2-당산,당산,2,4113,1,1,1,0,8.7,0,2-합정,2-영등포구청,126.902,37.53388,1-4 | 4-4 | 7-1 | 10-1
3-가락시장,가락시장,3,340,1,1,0,1,9,1,3-수서,3-경찰병원,127.1182,37.49252,1-4 | 4-4 | 7-1 | 10-1
3-경찰병원,경찰병원,3,341,1,1,0,1,11.5,0,3-가락시장,3-오금,127.1245,37.49592,1-4 | 4-4 | 7-1 | 10-1
3-오금,오금,3,342,1,1,0,1,9,0,3-경찰병원,-,127.1281,37.50216,1-4 | 4-4 | 7-1 | 10-1
3-원흥,원흥,3,1948,1,1,1,1,-,1,3-원당,3-삼송,126.8726,37.65066,1-4 | 4-4 | 7-1 | 10-1
3-종로3가,종로3가,3,153,1,1,1,1,10.3,1,3-안국,3-을지로 3가,126.5925,37.34212,1-4 | 4-4 | 7-1 | 10-1
3-지축,지축,3,309,0,1,0,1,8.5,0,3-삼송,3-구파발,126.914,37.64805,1-4 | 4-4 | 7-1 | 10-1
3-구파발,구파발,3,310,1,1,0,1,9.3,0,3-지축 ,3-연신내,126.9188,37.63676,1-4 | 4-4 | 7-1 | 10-1
3-불광,불광,3,312,1,1,0,1,11,1,3-연신내,3-녹번,126.9299,37.61047,1-4 | 4-4 | 7-1 | 10-1
3-녹번,녹번,3,313,1,1,0,1,6.9,0,3-불광,3-홍제,126.9358,37.60093,1-4 | 4-4 | 7-1 | 10-1
3-홍제,홍제,3,314,1,1,0,1,11.5,0,3-녹번,3-무악재,126.9437,37.58907,1-4 | 4-4 | 7-1 | 10-1
3-무악재,무악재,3,315,1,1,0,1,9.3,1,3-홍제,3-독립문,126.9503,37.5823,1-4 | 4-4 | 7-1 | 10-1
3-독립문,독립문,3,316,1,1,0,1,11.5,1,3-무악재,3-경복궁,126.9577,37.57457,1-4 | 4-4 | 7-1 | 10-1
3-경복궁,경복궁,3,317,1,1,0,1,13.6,0,3-독립문,3-안국,126.9735,37.57576,1-4 | 4-4 | 7-1 | 10-1
3-안국,안국,3,318,1,1,0,1,10.4,1,3-경복궁,3-종로 3가,126.9854,37.57648,1-4 | 4-4 | 7-1 | 10-1
3-을지로3가,을지로3가,3,320,1,1,0,1,8.9,0,3-종로 3가 ,3-충무로,126.5927,37.33585,1-4 | 4-4 | 7-1 | 10-1
3-동대입구,동대입구,3,322,1,1,0,1,12.5,0,3-충무로,3-약수,127.0056,37.55905,1-4 | 4-4 | 7-1 | 10-1
3-약수,약수,3,323,1,1,0,1,9.6,1,3-동대입구,3-금호,127.0107,37.55434,1-4 | 4-4 | 7-1 | 10-1
3-금호,금호,3,324,1,1,0,1,6.5,0,3-약수,3-옥수,127.0159,37.54803,1-4 | 4-4 | 7-1 | 10-1
3-옥수,옥수,3,325,1,1,0,1,9.9,1,3-금호,3-압구정,127.018,37.54069,1-4 | 4-4 | 7-1 | 10-1
3-압구정,압구정,3,326,1,1,0,1,11.1,0,3-옥수,3-신사,127.0285,37.52707,1-4 | 4-4 | 7-1 | 10-1
3-신사,신사,3,327,1,1,0,1,6,0,3-압구정,3-잠원,127.0201,37.51633,1-4 | 4-4 | 7-1 | 10-1
3-잠원,잠원,3,328,1,1,0,1,9.4,1,3-신사,3-고속터미널,127.0112,37.51276,1-4 | 4-4 | 7-1 | 10-1
3-교대,교대,3,330,1,1,1,1,5.4,0,3-고속터미널,3-남부터미널,127.0049,37.29372,1-4 | 4-4 | 7-1 | 10-1
3-남부터미널,남부터미널,3,331,1,1,0,1,8.6,0,3-교대,3-양재,127.0162,37.48501,1-4 | 4-4 | 7-1 | 10-1
3-양재,양재,3,332,1,1,0,1,7.4,0,3-남부터미널,3-매봉,127.0346,37.48415,1-4 | 4-4 | 7-1 | 10-1
3-매봉,매봉,3,333,1,1,0,1,10.3,0,3-양재,3-도곡,127.0468,37.48695,1-4 | 4-4 | 7-1 | 10-1
3-도곡,도곡,3,334,1,1,0,1,9.3,0,3-매봉,3-대치,127.0554,37.49086,1-4 | 4-4 | 7-1 | 10-1
3-대치,대치,3,335,1,1,0,1,8.4,0,3-도곡,3-학여울,127.0636,37.49461,1-4 | 4-4 | 7-1 | 10-1
3-학여울,학여울,3,336,1,1,0,1,8.4,0,3-대치,3-대청,127.0706,37.49666,1-4 | 4-4 | 7-1 | 10-1
3-대청,대청,3,337,1,1,0,1,10.5,0,3-학여울,3-일원,127.0795,37.49351,1-4 | 4-4 | 7-1 | 10-1
3-일원,일원,3,338,1,1,0,1,7.7,0,3-대청,3-수서,127.0844,37.48368,1-4 | 4-4 | 7-1 | 10-1
3-수서,수서,3,339,1,1,0,1,10.5,1,3-일원,3-가락시장,127.1019,37.48737,1-4 | 4-4 | 7-1 | 10-1
3-충무로,충무로,3,423,1,1,1,1,11.6,1,3-을지로 3가,3-동대입구,126.9943,37.56124,1-4 | 4-4 | 7-1 | 10-1
3-삼송,삼송,3,1950,1,1,1,0,10.2,0,3-원흥,3-지축,126.8956,37.65308,1-4 | 4-4 | 7-1 | 10-1
3-원당,원당,3,1951,1,1,1,1,6.2,0,3-화정,3-원흥,126.843,37.65332,1-4 | 4-4 | 7-1 | 10-1
3-화정,화정,3,1952,1,1,1,1,5.4,0,3-대곡,3-원당,126.8327,37.63459,1-4 | 4-4 | 7-1 | 10-1
3-대곡,대곡,3,1953,1,1,1,1,6.3,0,3-백석,3-화정,126.811,37.63163,1-4 | 4-4 | 7-1 | 10-1
3-백석,백석,3,1954,1,1,1,1,6.4,0,3-마두,3-대곡,126.7879,37.64311,1-4 | 4-4 | 7-1 | 10-1
3-마두,마두,3,1955,1,1,1,1,5.9,0,3-정발산,3-백석,126.7776,37.65221,1-4 | 4-4 | 7-1 | 10-1
3-정발산,정발산,3,1956,1,1,1,1,5,0,3-주엽,3-마두,126.7734,37.65948,1-4 | 4-4 | 7-1 | 10-1
3-주엽,주엽,3,1957,1,1,1,0,5.4,0,3-대화,3-정발산,126.7613,37.67007,1-4 | 4-4 | 7-1 | 10-1
3-대화,대화,3,1958,1,1,1,1,6,0,-,3-주엽,126.7476,37.67609,1-4 | 4-4 | 7-1 | 10-1
3-연신내,연신내,3,2615,1,1,0,1,6.6,1,3-구파발,3-불광,126.921,37.619,1-4 | 4-4 | 7-1 | 10-1
3-고속터미널,고속터미널,3,4123,1,1,0,0,10.4,1,3-잠원,3-교대,127.0049,37.50481,1-4 | 4-4 | 7-1 | 10-1
4-별내별가람,별내별가람,4,-,0,0,0,0,-,0,4-오남,4-당고개,-,-,1-4 | 4-4 | 7-1 | 10-1
4-오남,오남,4,-,0,0,0,0,-,0,4-진접,4-별내별가람,-,-,1-4 | 4-4 | 7-1 | 10-1
4-진접,진접,4,-,0,0,0,0,-,0,-,4-오남,-,-,1-4 | 4-4 | 7-1 | 10-1
4-수리산,수리산,4,1763,0,1,1,1,6.3,0,4-산본,4-대야미,126.9254,37.3498,1-4 | 4-4 | 7-1 | 10-1
4-서울역,서울역,4,150,1,1,1,1,10.7,0,4-회현,4-숙대입구(갈월),126.9726,37.55465,1-4 | 4-4 | 7-1 | 10-1
4-사당,사당,4,226,1,1,0,1,4.5,1,4-총신대입구(이수),4-남태령,126.5854,37.28355,1-4 | 4-4 | 7-1 | 10-1
4-당고개,당고개,4,409,1,1,0,1,11.4,0,4-별내별가람,4-상계,127.0791,37.67027,1-4 | 4-4 | 7-1 | 10-1
4-상계,상계,4,410,1,1,1,1,9.4,0,4-당고개,4-노원,127.0736,37.66088,1-4 | 4-4 | 7-1 | 10-1
4-창동,창동,4,412,1,1,1,1,10.1,1,4-노원,4-쌍문,127.0477,37.65317,1-4 | 4-4 | 7-1 | 10-1
4-쌍문,쌍문,4,413,1,1,0,1,9.4,1,4-창동,4-수유,127.0347,37.64863,1-4 | 4-4 | 7-1 | 10-1
4-수유,수유,4,414,1,1,0,1,9.9,1,4-쌍문,4-미아,127.0257,37.63805,1-4 | 4-4 | 7-1 | 10-1
4-미아,미아,4,415,1,1,0,1,9.9,0,4-수유,4-미아사거리,127.026,37.62667,1-4 | 4-4 | 7-1 | 10-1
4-미아사거리,미아사거리,4,416,1,1,0,1,8.2,1,4-미아,4-길음,127.0301,37.61329,1-4 | 4-4 | 7-1 | 10-1
4-길음,길음,4,417,1,1,0,1,7,0,4-미아사거리,4-성신여대입구,127.0251,37.60341,1-4 | 4-4 | 7-1 | 10-1
4-성신여대입구,성신여대입구,4,418,1,1,0,1,14,0,4-길음,4-한성대입구,127.0164,37.59262,1-4 | 4-4 | 7-1 | 10-1
4-한성대입구,한성대입구,4,419,0,1,0,1,9.5,1,4-성신여대입구,4-혜화,127.0062,37.58846,1-4 | 4-4 | 7-1 | 10-1
4-혜화,혜화,4,420,1,1,0,1,3.7,1,4-한성대입구,4-동대문,127.0018,37.58234,1-4 | 4-4 | 7-1 | 10-1
4-동대문,동대문,4,421,1,1,1,1,10.3,1,4-혜화,4-동대문역사문화공원,127.0097,37.57142,1-4 | 4-4 | 7-1 | 10-1
4-동대문역사문화공원,동대문역사문화공원,4,422,1,1,0,1,12.9,0,4-동대문,4-충무로,127.0079,37.56514,1-4 | 4-4 | 7-1 | 10-1
4-충무로,충무로,4,423,1,1,1,1,9.6,1,4-동대문역사문화공원,4-명동,126.9943,37.56124,1-4 | 4-4 | 7-1 | 10-1
4-명동,명동,4,424,1,1,0,1,9.1,0,4-충무로,4-회현,126.9863,37.56099,1-4 | 4-4 | 7-1 | 10-1
4-회현,회현,4,425,1,1,0,1,9.3,0,4-명동,4-서울역,126.9782,37.55851,1-4 | 4-4 | 7-1 | 10-1
4-숙대입구,숙대입구,4,427,1,1,0,1,6.4,1,4-서울역,4-삼각지,126.9721,37.54456,1-4 | 4-4 | 7-1 | 10-1
4-신용산,신용산,4,429,1,1,0,1,9.1,0,4-삼각지,4-이촌,126.9679,37.52917,1-4 | 4-4 | 7-1 | 10-1
4-이촌,이촌,4,430,1,1,1,1,9,0,4-신용산,4-동작,126.9743,37.52227,1-4 | 4-4 | 7-1 | 10-1
4-총신대입구,총신대입구,4,432,1,1,0,1,10.3,1,4-동작,4-사당,126.982,37.48626,1-4 | 4-4 | 7-1 | 10-1
4-남태령,남태령,4,434,1,1,0,1,9.9,0,4-사당,4-선바위,126.9891,37.46387,1-4 | 4-4 | 7-1 | 10-1
4-선바위,선바위,4,1450,0,1,1,1,9.6,0,4-남태령,4-경마공원,127.0023,37.45167,1-4 | 4-4 | 7-1 | 10-1
4-경마공원,경마공원,4,1451,0,1,1,1,11.4,0,4-선바위,4-대공원,127.0079,37.44389,1-4 | 4-4 | 7-1 | 10-1
4-대공원,대공원,4,1452,0,1,1,1,5.3,1,4-경마공원,4-과천,127.0065,37.43568,1-4 | 4-4 | 7-1 | 10-1
4-과천,과천,4,1453,0,1,0,1,11.2,0,4-대공원,4-정부과천청사,126.9966,37.43302,1-4 | 4-4 | 7-1 | 10-1
4-정부과천청사,정부과천청사,4,1454,0,1,1,1,6.4,0,4-과천,4-인덕원,126.9898,37.42651,1-4 | 4-4 | 7-1 | 10-1
4-인덕원,인덕원,4,1455,0,1,0,1,4.3,0,4-정부과천청사,4-평촌,126.9767,37.40155,1-4 | 4-4 | 7-1 | 10-1
4-평촌,평촌,4,1456,0,1,0,1,6.3,0,4-인덕원,4-범계,126.9639,37.39429,1-4 | 4-4 | 7-1 | 10-1
4-범계,범계,4,1457,0,1,0,0,6.4,0,4-평촌,4-금정,126.9508,37.38979,1-4 | 4-4 | 7-1 | 10-1
4-금정,금정,4,1458,1,1,0,1,8,1,4-범계,4-산본,126.9434,37.37222,1-4 | 4-4 | 7-1 | 10-1
4-산본,산본,4,1751,0,1,0,1,6.6,0,4-금정,4-수리산,126.9333,37.3581,1-4 | 4-4 | 7-1 | 10-1
4-대야미,대야미,4,1752,0,1,1,1,8.5,0,4-수리산,4-반월,126.9173,37.32847,1-4 | 4-4 | 7-1 | 10-1
4-반월,반월,4,1753,0,1,1,1,5.7,0,4-대야미,4-상록수,126.9035,37.31221,1-4 | 4-4 | 7-1 | 10-1
4-상록수,상록수,4,1754,0,1,1,1,6.2,0,4-반월,4-한대앞,126.8665,37.3028,1-4 | 4-4 | 7-1 | 10-1
4-한대앞,한대앞,4,1755,0,1,1,1,6.7,0,4-상록수,4-중앙,126.8534,37.30969,1-4 | 4-4 | 7-1 | 10-1
4-중앙,중앙,4,1756,0,1,1,1,5.2,0,4-한대앞,4-고잔,126.8386,37.31594,1-4 | 4-4 | 7-1 | 10-1
4-고잔,고잔,4,1757,0,1,0,0,6,0,4-중앙,4-초지,126.8232,37.31678,1-4 | 4-4 | 7-1 | 10-1
4-초지,초지,4,1758,0,1,0,0,6.6,0,4-고잔,4-안산,126.8059,37.32065,1-4 | 4-4 | 7-1 | 10-1
4-안산,안산,4,1759,0,1,0,1,5,0,4-초지,4-신길온천,126.7885,37.32708,1-4 | 4-4 | 7-1 | 10-1
4-신길온천,신길온천,4,1760,0,1,0,1,5.5,0,4-안산,4-정왕,126.7658,37.33821,1-4 | 4-4 | 7-1 | 10-1
4-정왕,정왕,4,1761,0,1,0,1,5.5,0,4-신길온천,4-오이도,126.743,37.35174,1-4 | 4-4 | 7-1 | 10-1
4-오이도,오이도,4,1762,0,1,0,1,6.1,0,4-정왕,-,126.7387,37.36236,1-4 | 4-4 | 7-1 | 10-1
4-삼각지,삼각지,4,2629,1,1,1,0,9.5,1,4-숙대입구(갈월),4-신용산,126.9731,37.53478,1-4 | 4-4 | 7-1 | 10-1
4-노원,노원,4,2715,1,1,0,1,7.7,1,4-상계,4-창동,127.0614,37.65513,1-4 | 4-4 | 7-1 | 10-1
4-동작,동작,4,4120,1,1,0,0,11.3,1,4-이촌,4-총신대입구(이수),126.9793,37.50297,1-4 | 4-4 | 7-1 | 10-1
5-강일,강일,5,2562,1,1,0,0,-,0,5-상일동,5-미사,127.176,37.55752,1-4 | 4-1 | 5-4 | 8-1
5-미사,미사,5,2563,1,1,0,0,-,1,5-상일동,5-하남풍산,127.193,37.56329,1-4 | 4-1 | 5-4 | 8-1
5-하남풍산,하남풍산,5,2564,1,1,0,1,-,1,5-미사,5-하남시청,127.2039,37.5522,1-4 | 4-1 | 5-4 | 8-1
5-하남시청,하남시청,5,2565,1,1,0,0,-,0,5-하남풍산,5-하남검단산,127.2069,37.54172,1-4 | 4-1 | 5-4 | 8-1
5-하남검단산,하남검단산,5,2566,1,1,0,1,-,0,5-하남시청,5-,127.2234,37.53973,1-4 | 4-1 | 5-4 | 8-1
5-종로3가,종로3가,5,153,1,1,1,1,8.2,1,5-광화문,5-을지로 4가,126.9918,37.57161,1-4 | 4-1 | 5-4 | 8-1
5-까치산,까치산,5,200,1,1,0,0,8.1,0,5-화곡,5-신정,126.8467,37.53177,1-4 | 4-1 | 5-4 | 8-1
5-을지로4가,을지로4가,5,204,1,1,0,1,8.6,0,5-종로 3가 ,5-동대문역사문화공원,126.9981,37.56694,1-4 | 4-1 | 5-4 | 8-1
5-왕십리,왕십리,5,208,1,1,0,1,8.3,0,5-행당,5-마장,127.0377,37.56153,1-4 | 4-1 | 5-4 | 8-1
5-충정로,충정로,5,243,1,1,0,1,8.8,1,5-애오개,5-서대문,126.9637,37.55997,1-4 | 4-1 | 5-4 | 8-1
5-동대문역사문화공원,동대문역사문화공원,5,422,1,1,0,1,10,0,5-을지로 4가,5-청구,127.0079,37.56514,1-4 | 4-1 | 5-4 | 8-1
5-방화,방화,5,2511,1,1,0,1,8.4,1,-,5-개화산,126.8127,37.57745,1-4 | 4-1 | 5-4 | 8-1
5-개화산,개화산,5,2512,1,1,0,1,10.5,1,5-방화,5-김포공항,126.8062,37.5724,1-4 | 4-1 | 5-4 | 8-1
5-송정,송정,5,2514,1,1,0,1,7.7,0,5-김포공항,5-마곡,126.812,37.56118,1-4 | 4-1 | 5-4 | 8-1
5-마곡,마곡,5,2515,1,1,0,0,8.2,0,5-송정,5-발산,126.8254,37.56018,1-4 | 4-1 | 5-4 | 8-1
5-발산,발산,5,2516,1,1,0,1,11.5,0,5-마곡,5-우장산,126.8377,37.5586,1-4 | 4-1 | 5-4 | 8-1
5-우장산,우장산,5,2517,1,1,0,1,8.8,0,5-발산,5-화곡,126.8363,37.54877,1-4 | 4-1 | 5-4 | 8-1
5-화곡,화곡,5,2518,1,1,0,1,8,0,5-우장산,5-까치산,126.8405,37.54151,1-4 | 4-1 | 5-4 | 8-1
5-신정,신정,5,2520,1,1,0,1,8.7,0,5-까치산,5-목동,126.8562,37.525,1-4 | 4-1 | 5-4 | 8-1
5-목동,목동,5,2521,1,1,0,1,11.7,0,5-신정,5-오목교,126.8649,37.52607,1-4 | 4-1 | 5-4 | 8-1
5-오목교,오목교,5,2522,1,1,0,1,8.5,0,5-목동,5-양평,126.8752,37.5245,1-4 | 4-1 | 5-4 | 8-1
5-양평,양평,5,2523,1,1,0,1,8.1,0,5-오목교,5-영등포구청,126.8858,37.52565,1-4 | 4-1 | 5-4 | 8-1
5-영등포구청,영등포구청,5,2524,1,1,1,1,8.2,0,5-양평,5-영등포시장,126.896,37.52497,1-4 | 4-1 | 5-4 | 8-1
5-영등포시장,영등포시장,5,2525,1,1,0,1,8.5,0,5-영등포구청,5-신길,126.9051,37.52267,1-4 | 4-1 | 5-4 | 8-1
5-신길,신길,5,2526,1,1,1,1,12.2,1,5-영등포시장,5-여의도,126.9172,37.51712,1-4 | 4-1 | 5-4 | 8-1
5-여의도,여의도,5,2527,1,1,0,1,8.3,0,5-신길,5-여의나루,126.9242,37.52162,1-4 | 4-1 | 5-4 | 8-1
5-여의나루,여의나루,5,2528,1,1,0,1,9.1,0,5-여의도,5-마포,126.9329,37.5271,1-4 | 4-1 | 5-4 | 8-1
5-마포,마포,5,2529,1,1,0,1,8.8,0,5-여의나루,5-공덕,126.9459,37.53957,1-4 | 4-1 | 5-4 | 8-1
5-공덕,공덕,5,2530,1,1,0,1,8.8,1,5-마포,5-애오개,126.9516,37.54402,1-4 | 4-1 | 5-4 | 8-1
5-애오개,애오개,5,2531,1,1,0,1,8.1,1,5-공덕,5-충정로,126.9568,37.55374,1-4 | 4-1 | 5-4 | 8-1
5-서대문,서대문,5,2533,1,1,1,1,10.1,1,5-충정로,5-광화문,126.9666,37.56577,1-4 | 4-1 | 5-4 | 8-1
5-광화문,광화문,5,2534,1,1,1,1,10.1,1,5-서대문,5-종로 3가,126.9767,37.57103,1-4 | 4-1 | 5-4 | 8-1
5-청구,청구,5,2538,1,1,0,1,4.7,0,5-동대문역사문화공원,5-신금호,127.0138,37.56025,1-4 | 4-1 | 5-4 | 8-1
5-신금호,신금호,5,2539,1,1,0,1,8.2,1,5-청구,5-행당,127.0203,37.55455,1-4 | 4-1 | 5-4 | 8-1
5-행당,행당,5,2540,1,1,0,1,8.2,0,5-신금호,5-왕십리,127.0295,37.55732,1-4 | 4-1 | 5-4 | 8-1
5-마장,마장,5,2542,1,1,0,0,8.8,1,5-왕십리,5-답십리,127.043,37.5661,1-4 | 4-1 | 5-4 | 8-1
5-답십리,답십리,5,2543,1,1,1,1,8.8,1,5-마장,5-장한평,127.0527,37.56675,1-4 | 4-1 | 5-4 | 8-1
5-장한평,장한평,5,2544,1,1,1,0,9,1,5-답십리,5-군자,127.0646,37.56144,1-4 | 4-1 | 5-4 | 8-1
5-아차산,아차산,5,2546,1,1,0,1,8.7,1,5-군자,5-광나루,127.0898,37.55169,1-4 | 4-1 | 5-4 | 8-1
5-광나루,광나루,5,2547,1,1,1,1,9.6,1,5-아차산,5-천호,127.1036,37.5453,1-4 | 4-1 | 5-4 | 8-1
5-강동,강동,5,2549,1,1,1,0,9,0,5-천호,5-길동,127.1325,37.5358,1-4 | 4-1 | 5-4 | 8-1
5-길동,길동,5,2550,1,1,0,0,8.5,0,5-강동,5-굽은다리,127.14,37.5378,1-4 | 4-1 | 5-4 | 8-1
5-굽은다리,굽은다리,5,2551,1,1,0,1,9.3,0,5-길동,5-명일,127.1429,37.54548,1-4 | 4-1 | 5-4 | 8-1
5-명일,명일,5,2552,1,1,0,1,9.7,0,5-굽은다리,5-고덕,127.144,37.55137,1-4 | 4-1 | 5-4 | 8-1
5-고덕,고덕,5,2553,1,1,0,0,8.7,0,5-명일,5-상일동,127.1542,37.555,1-4 | 4-1 | 5-4 | 8-1
5-상일동,상일동,5,2554,1,1,1,0,8.9,0,5-고덕,5-강일,127.1664,37.55671,1-4 | 4-1 | 5-4 | 8-1
5-둔촌동,둔촌동,5,2555,1,1,0,0,8.6,1,5-강동,5-올림픽공원,127.1362,37.52779,1-4 | 4-1 | 5-4 | 8-1
5-올림픽공원,올림픽공원,5,2556,1,1,0,0,8.4,1,5-둔촌동,5-방이,127.1308,37.51608,1-4 | 4-1 | 5-4 | 8-1
5-방이,방이,5,2557,1,1,0,0,8.5,0,5-올림픽공원,5-오금,127.1261,37.50886,1-4 | 4-1 | 5-4 | 8-1
5-오금,오금,5,2558,1,1,0,0,9,0,5-방이,5-개롱,127.1281,37.50216,1-4 | 4-1 | 5-4 | 8-1
5-개롱,개롱,5,2559,1,1,0,0,7.6,0,5-오금,5-거여,127.1348,37.49808,1-4 | 4-1 | 5-4 | 8-1
5-거여,거여,5,2560,1,1,0,1,10.4,0,5-개롱,5-마천,127.1442,37.49311,1-4 | 4-1 | 5-4 | 8-1
5-마천,마천,5,2561,1,1,1,0,7.4,1,5-거여,-,127.1528,37.49499,1-4 | 4-1 | 5-4 | 8-1
5-군자,군자,5,2727,1,1,0,0,9.1,1,5-장한평,5-아차산,127.0795,37.55712,1-4 | 4-1 | 5-4 | 8-1
5-천호,천호,5,2812,1,1,1,0,10,1,5-광나루,5-강동,127.1236,37.5384,1-4 | 4-1 | 5-4 | 8-1
5-김포공항,김포공항,5,4102,1,1,0,0,10.3,0,5-개화산,5-송정,126.8011,37.56243,1-4 | 4-1 | 5-4 | 8-1
6-신내,신내,6,2649,0,1,0,0,-,0,6-봉화산,-,127.1043,37.61257,1-4 | 4-1 | 5-4 | 8-1
6-동묘앞,동묘앞,6,159,1,1,0,1,5.8,1,6-신당,6-창신,127.0162,37.56617,1-4 | 4-1 | 5-4 | 8-1
6-신당,신당,6,206,1,1,0,1,5.2,0,6-청구,6-동묘앞,127.0138,37.56022,1-4 | 4-1 | 5-4 | 8-1
6-합정,합정,6,238,1,1,0,1,13.3,1,6-망원,6-상수,126.9101,37.55603,1-4 | 4-1 | 5-4 | 8-1
6-불광,불광,6,312,1,1,0,1,9.4,1,6-역촌,6-독바위,126.9295,37.61092,1-4 | 4-1 | 5-4 | 8-1
6-약수,약수,6,323,1,1,0,1,4.7,1,6-버티고개,6-청구,127.0069,37.54793,1-4 | 4-1 | 5-4 | 8-1
6-공덕,공덕,6,2530,1,1,0,1,5,1,6-대흥,6-효창공원앞,126.9422,37.54773,1-4 | 4-1 | 5-4 | 8-1
6-청구,청구,6,2538,1,1,0,1,4.9,0,6-약수,6-신당,127.0102,37.55409,1-4 | 4-1 | 5-4 | 8-1
6-응암,응암,6,2611,1,1,0,1,11,1,-,6-새절,126.9156,37.59859,1-4 | 4-1 | 5-4 | 8-1
6-역촌,역촌,6,2612,1,1,0,0,6.6,0,6-응암,6-불광,126.9228,37.60605,1-4 | 4-1 | 5-4 | 8-1
6-독바위,독바위,6,2614,1,1,0,1,10.9,1,6-불광,6-연신내,126.933,37.61841,1-4 | 4-1 | 5-4 | 8-1
6-연신내,연신내,6,2615,1,1,0,1,14.8,1,6-독바위,6-구산,127.0914,37.61729,1-4 | 4-1 | 5-4 | 8-1
6-구산,구산,6,2616,1,1,1,1,12.4,0,6-연신내,6-응암,126.9205,37.6186,1-4 | 4-1 | 5-4 | 8-1
6-새절,새절,6,2617,1,1,1,0,6.9,1,6-응암,6-증산,126.9172,37.61122,1-4 | 4-1 | 5-4 | 8-1
6-증산,증산,6,2618,1,1,0,0,5.2,1,6-새절,6-디지털미디어시티,126.9136,37.59115,1-4 | 4-1 | 5-4 | 8-1
6-디지털미디어시티,디지털미디어시티,6,2619,1,1,1,0,8,0,6-증산,6-월드컵경기장,126.9098,37.58399,1-4 | 4-1 | 5-4 | 8-1
6-월드컵경기장,월드컵경기장,6,2620,1,1,0,1,8,1,6-디지털미디어시티,6-마포구청,126.8986,37.57701,1-4 | 4-1 | 5-4 | 8-1
6-마포구청,마포구청,6,2621,1,1,1,0,5.8,0,6-월드컵경기장,6-망원,126.8991,37.56944,1-4 | 4-1 | 5-4 | 8-1
6-망원,망원,6,2622,1,1,0,0,5,1,6-마포구청,6-합정,126.9033,37.56354,1-4 | 4-1 | 5-4 | 8-1
6-상수,상수,6,2624,1,1,1,0,5,0,6-합정,6-광흥창,126.9135,37.54903,1-4 | 4-1 | 5-4 | 8-1
6-광흥창,광흥창,6,2625,1,1,1,0,5,1,6-상수,6-대흥,126.9229,37.5477,1-4 | 4-1 | 5-4 | 8-1
6-대흥,대흥,6,2626,1,1,1,0,5,0,6-광흥창,6-공덕,126.932,37.54746,1-4 | 4-1 | 5-4 | 8-1
6-효창공원앞,효창공원앞,6,2628,1,1,1,0,7.2,0,6-공덕,6-삼각지,126.9517,37.54359,1-4 | 4-1 | 5-4 | 8-1
6-삼각지,삼각지,6,2629,1,1,1,0,6.3,1,6-효창공원앞,6-녹사평,126.9613,37.53928,1-4 | 4-1 | 5-4 | 8-1
6-녹사평,녹사평,6,2630,1,1,0,1,7.8,0,6-삼각지,6-이태원,126.974,37.53556,1-4 | 4-1 | 5-4 | 8-1
6-이태원,이태원,6,2631,1,1,0,0,4.8,0,6-녹사평,6-한강진,126.9867,37.53469,1-4 | 4-1 | 5-4 | 8-1
6-한강진,한강진,6,2632,1,1,0,0,4.9,1,6-이태원,6-버티고개,126.9944,37.53449,1-4 | 4-1 | 5-4 | 8-1
6-버티고개,버티고개,6,2633,1,1,0,1,9,0,6-한강진,6-약수,127.0017,37.53956,1-4 | 4-1 | 5-4 | 8-1
6-창신,창신,6,2638,1,1,0,1,7.3,0,6-동묘앞,6-보문,127.0157,37.57228,1-4 | 4-1 | 5-4 | 8-1
6-보문,보문,6,2639,1,1,0,0,5.4,1,6-창신,6-안암,127.0152,37.57977,1-4 | 4-1 | 5-4 | 8-1
6-안암,안암,6,2640,1,1,0,0,4.5,0,6-보문,6-고려대,127.0194,37.58529,1-4 | 4-1 | 5-4 | 8-1
6-고려대,고려대,6,2641,1,1,0,1,8.5,1,6-안암,6-월곡,127.029,37.58626,1-4 | 4-1 | 5-4 | 8-1
6-월곡,월곡,6,2642,1,1,1,1,9,1,6-고려대,6-상월곡,127.0363,37.59034,1-4 | 4-1 | 5-4 | 8-1
6-상월곡,상월곡,6,2643,1,1,1,0,3.9,0,6-월곡,6-돌곶이,127.0415,37.60192,1-4 | 4-1 | 5-4 | 8-1
6-돌곶이,돌곶이,6,2644,1,1,0,0,5,1,6-상월곡,6-석계,127.0485,37.60639,1-4 | 4-1 | 5-4 | 8-1
6-석계,석계,6,2645,1,1,1,0,5,0,6-돌곶이,6-태릉입구,127.0564,37.61052,1-4 | 4-1 | 5-4 | 8-1
6-화랑대,화랑대,6,2647,1,1,0,1,10.3,1,6-태릉입구,6-봉화산,127.0747,37.61732,1-4 | 4-1 | 5-4 | 8-1
6-봉화산,봉화산,6,2648,1,1,1,0,5,1,6-화랑대,6-신내,127.0841,37.61988,1-4 | 4-1 | 5-4 | 8-1
6-태릉입구,태릉입구,6,2719,1,1,0,1,5.8,1,6-석계,6-화랑대,127.0659,37.61494,1-4 | 4-1 | 5-4 | 8-1
7-산곡,산곡,7,-,1,0,0,0,-,0,7-석남(거북시장),7-부평구청,-,-,1-4 | 4-1 | 5-4 | 8-1
7-부평구청,부평구청,7,2761,1,1,0,0,5.9,0,7-산곡,7-굴포천,126.7205,37.50834,1-4 | 4-1 | 5-4 | 8-1
7-굴포천,굴포천,7,2760,1,1,0,0,5,0,7-부평구청,7-삼산체육관,126.7313,37.507,1-4 | 4-1 | 5-4 | 8-1
7-삼산체육관,삼산체육관,7,2759,1,1,0,0,7.7,0,7-굴포천,7-상동,126.7422,37.50641,1-4 | 4-1 | 5-4 | 8-1
7-상동,상동,7,2758,1,1,0,0,4.8,0,7-삼산체육관,7-부천시청,126.7531,37.50578,1-4 | 4-1 | 5-4 | 8-1
7-부천시청,부천시청,7,2757,1,1,0,0,4.3,1,7-상동,7-신중동,126.7635,37.50463,1-4 | 4-1 | 5-4 | 8-1
7-신중동,신중동,7,2756,1,1,0,0,4.1,0,7-부천시청,7-춘의,126.776,37.50305,1-4 | 4-1 | 5-4 | 8-1
7-춘의,춘의,7,2755,1,1,0,0,5.5,0,7-신중동,7-부천종합운동장,126.787,37.50366,1-4 | 4-1 | 5-4 | 8-1
7-부천종합운동장,부천종합운동장,7,2754,1,1,0,0,4.7,0,7-춘의,7-까치울,126.7973,37.50538,1-4 | 4-1 | 5-4 | 8-1
7-까치울,까치울,7,2753,1,0,0,0,4.1,0,7-부천종합운동장,7-온수,126.8109,37.50621,1-4 | 4-1 | 5-4 | 8-1
7-석남,석남,7,3213,1,0,0,0,-,0,-,7-산곡,-,-,1-4 | 4-1 | 5-4 | 8-1
7-건대입구,건대입구,7,212,1,1,0,1,9.6,1,7-뚝섬유원지,7-어린이대공원,127.0702,37.54069,1-4 | 4-1 | 5-4 | 8-1
7-총신대입구,총신대입구,7,432,1,1,0,1,7.5,1,7-남성,7-내방,126.982,37.48626,1-4 | 4-1 | 5-4 | 8-1
7-장암,장암,7,2711,1,1,0,0,7.7,0,7-도봉산,-,127.0532,37.70011,1-4 | 4-1 | 5-4 | 8-1
7-도봉산,도봉산,7,2712,1,1,0,1,11.9,1,7-수락산,7-장암,127.0462,37.68931,1-4 | 4-1 | 5-4 | 8-1
7-수락산,수락산,7,2713,1,1,1,1,8.2,1,7-마들,7-도봉산,127.0553,37.67785,1-4 | 4-1 | 5-4 | 8-1
7-마들,마들,7,2714,1,1,1,1,8.7,1,7-노원,7-수락산,127.0577,37.66494,1-4 | 4-1 | 5-4 | 8-1
7-노원,노원,7,2715,1,1,0,1,9,1,7-중계,7-마들,127.0614,37.65513,1-4 | 4-1 | 5-4 | 8-1
7-중계,중계,7,2716,1,1,0,1,10.6,1,7-하계,7-노원,127.0643,37.64458,1-4 | 4-1 | 5-4 | 8-1
7-하계,하계,7,2717,1,1,0,1,8.9,1,7-공릉,7-중계,127.068,37.63635,1-4 | 4-1 | 5-4 | 8-1
7-공릉,공릉,7,2718,1,1,0,1,11.6,0,7-태릉입구,7-하계,127.0729,37.62574,1-4 | 4-1 | 5-4 | 8-1
7-태릉입구,태릉입구,7,2719,1,1,0,1,9,1,7-먹골,7-공릉,127.0751,37.61798,1-4 | 4-1 | 5-4 | 8-1
7-먹골,먹골,7,2720,1,1,0,1,8,1,7-중화,7-태릉입구,127.0777,37.61064,1-4 | 4-1 | 5-4 | 8-1
7-중화,중화,7,2721,1,1,0,1,8.6,1,7-상봉,7-먹골,127.0793,37.60255,1-4 | 4-1 | 5-4 | 8-1
7-상봉,상봉,7,2722,1,1,0,1,5.2,0,7-면목,7-중화,127.085,37.59636,1-4 | 4-1 | 5-4 | 8-1
7-면목,면목,7,2723,1,1,0,1,9.8,1,7-사가정,7-상봉,127.0875,37.58858,1-4 | 4-1 | 5-4 | 8-1
7-사가정,사가정,7,2724,1,1,0,1,8.3,1,7-용마산,7-면목,127.0885,37.58089,1-4 | 4-1 | 5-4 | 8-1
7-용마산,용마산,7,2725,1,1,0,1,7.6,1,7-중곡,7-사가정,127.0867,37.57365,1-4 | 4-1 | 5-4 | 8-1
7-중곡,중곡,7,2726,1,1,0,1,8.9,1,7-군자,7-용마산,127.0843,37.56592,1-4 | 4-1 | 5-4 | 8-1
7-군자,군자,7,2727,1,1,0,0,8.9,1,7-어린이대공원,7-중곡,127.0795,37.55712,1-4 | 4-1 | 5-4 | 8-1
7-어린이대공원,어린이대공원,7,2728,1,1,1,1,8.9,1,7-건대입구,7-군자,127.0747,37.54801,1-4 | 4-1 | 5-4 | 8-1
7-뚝섬유원지,뚝섬유원지,7,2730,1,1,0,0,4.9,0,7-청담,7-건대입구,127.0667,37.53154,1-4 | 4-1 | 5-4 | 8-1
7-청담,청담,7,2731,1,1,1,0,5.1,0,7-강남구청,7-뚝섬유원지,127.0534,37.51937,1-4 | 4-1 | 5-4 | 8-1
7-강남구청,강남구청,7,2732,1,1,1,1,8.8,0,7-학동,7-청담,127.0413,37.51719,1-4 | 4-1 | 5-4 | 8-1
7-학동,학동,7,2733,1,1,0,0,6.5,0,7-논현,7-강남구청,127.0317,37.51423,1-4 | 4-1 | 5-4 | 8-1
7-논현,논현,7,2734,1,1,1,0,5,1,7-반포,7-학동,127.0214,37.51109,1-4 | 4-1 | 5-4 | 8-1
7-반포,반포,7,2735,1,1,1,0,5,1,7-고속터미널,7-논현,127.0117,37.50818,1-4 | 4-1 | 5-4 | 8-1
7-내방,내방,7,2737,1,1,0,0,5,1,7-총신대입구(이수),7-고속터미널,126.9935,37.48762,1-4 | 4-1 | 5-4 | 8-1
7-남성,남성,7,2739,1,1,0,1,5.6,0,7-숭실대입구,7-총신대입구(이수),126.9713,37.4846,1-4 | 4-1 | 5-4 | 8-1
7-숭실대입구,숭실대입구,7,2740,1,1,0,0,5,0,7-상도,7-남성,126.9538,37.49603,1-4 | 4-1 | 5-4 | 8-1
7-상도,상도,7,2741,1,1,0,0,5,0,7-장승배기,7-숭실대입구,126.9479,37.50283,1-4 | 4-1 | 5-4 | 8-1
7-장승배기,장승배기,7,2742,1,1,0,1,10,0,7-신대방삼거리,7-상도,126.9392,37.5049,1-4 | 4-1 | 5-4 | 8-1
7-신대방삼거리,신대방삼거리,7,2743,1,1,0,0,5,0,7-보라매,7-장승배기,126.9283,37.4997,1-4 | 4-1 | 5-4 | 8-1
7-보라매,보라매,7,2744,1,1,0,0,5,0,7-신풍,7-신대방삼거리,126.9204,37.49987,1-4 | 4-1 | 5-4 | 8-1
7-신풍,신풍,7,2745,1,1,0,1,5,1,7-대림,7-보라매,126.9099,37.50008,1-4 | 4-1 | 5-4 | 8-1
7-대림,대림,7,2746,1,1,1,0,5,1,7-남구로,7-신풍,126.8958,37.49297,1-4 | 4-1 | 5-4 | 8-1
7-남구로,남구로,7,2747,1,0,1,1,6.5,0,7-가산디지털단지,7-대림,126.8872,37.48606,1-4 | 4-1 | 5-4 | 8-1
7-가산디지털단지,가산디지털단지,7,2748,1,1,1,1,8.5,0,7-철산,7-남구로,126.8823,37.48107,1-4 | 4-1 | 5-4 | 8-1
7-철산,철산,7,2749,1,1,0,1,9.5,0,7-광명사거리,7-가산디지털단지,126.8679,37.47605,1-4 | 4-1 | 5-4 | 8-1
7-광명사거리,광명사거리,7,2750,1,1,1,0,5.8,1,7-천왕,7-철산,126.8549,37.47925,1-4 | 4-1 | 5-4 | 8-1
7-천왕,천왕,7,2751,1,1,0,1,8.9,1,7-온수,7-광명사거리,126.8387,37.48664,1-4 | 4-1 | 5-4 | 8-1
1-온양온천,온양온천,1,1407,1,1,0,1,-,2,1-배당,1-신장,127.0032,36.78048,1-4 | 4-4 | 7-1 | 10-1
7-온수,온수,7,2752,1,1,1,0,6.4,1,7-까치울,7-천왕,126.8234,37.49226,1-4 | 4-1 | 5-4 | 8-1
7-고속터미널,고속터미널,7,4123,1,1,0,0,11.5,1,7-내방,7-반포,127.0049,37.50481,1-4 | 4-1 | 5-4 | 8-1
8-암사,암사,8,2811,1,1,0,0,5,0,8-천호,-,127.1276,37.55021,1-4 | 6-1
8-천호,천호,8,2812,1,1,1,0,6.5,1,8-강동구청,8-암사,127.1236,37.5384,1-4 | 6-1
8-강동구청,강동구청,8,2813,1,1,0,0,7.6,1,8-몽촌토성,8-천호,127.1205,37.53034,1-4 | 6-1
8-몽촌토성,몽촌토성,8,2814,1,1,0,1,9.9,1,8-잠실,8-강동구청,127.1124,37.51741,1-4 | 6-1
8-잠실,잠실,8,2815,1,1,1,1,9,1,8-석촌,8-몽촌토성,127.1022,37.51395,1-4 | 6-1
8-석촌,석촌,8,2816,1,1,0,0,8.9,1,8-송파,8-잠실,127.107,37.50543,1-4 | 6-1
8-송파,송파,8,2817,1,1,0,0,8.4,0,8-가락시장,8-석촌,127.1122,37.4997,1-4 | 6-1
8-가락시장,가락시장,8,2818,1,1,0,0,8.9,1,8-문정,8-송파,127.1182,37.49252,1-4 | 6-1
8-문정,문정,8,2819,1,1,0,0,8.6,1,8-장지,8-가락시장,127.1225,37.48586,1-4 | 6-1
8-장지,장지,8,2820,1,1,0,0,8.5,1,8-복정,8-문정,127.1262,37.4787,1-4 | 6-1
8-복정,복정,8,2821,1,1,1,0,8.7,1,8-남위례,8-장지,127.1267,37.47005,1-4 | 6-1
8-산성,산성,8,2822,1,1,0,1,9.3,1,8-남한산성입구,8-남위례,127.1499,37.45712,1-4 | 6-1
8-남한산성입구,남한산성입구,8,2823,1,1,1,0,8.7,1,8-단대오거리,8-산성,127.1598,37.45154,1-4 | 6-1
8-단대오거리,단대오거리,8,2824,1,1,0,1,9.9,1,8-신흥,8-남한산성입구,127.1569,37.44521,1-4 | 6-1
8-신흥,신흥,8,2825,1,1,0,0,8.9,1,8-수진,8-단대오거리,127.1476,37.44092,1-4 | 6-1
8-수진,수진,8,2826,1,1,1,0,9.1,1,8-모란,8-신흥,127.1407,37.43743,1-4 | 6-1
8-모란,모란,8,2827,1,1,1,1,9.4,1,-,8-수진,127.1291,37.43213,1-4 | 6-1
8-남위례,남위례,8,2828,1,1,0,0,-,1,8-산성,8-복정,127.139,37.46284,1-4 | 6-1
9-여의도,여의도,9,2527,1,1,0,1,5.7,0,9-국회의사당,9-샛강,126.9242,37.52162, 1-4
9-개화,개화,9,4101,1,1,0,0,5.1,0,-,9-김포공항,126.7982,37.57861, 1-4
9-김포공항,김포공항,9,4102,1,1,0,0,5.3,0,9-개화,9-공항시장,126.8011,37.56243, 1-4
9-공항시장,공항시장,9,4103,1,1,0,0,9.3,0,9-김포공항,9-신방화,126.8107,37.56373, 1-4
9-신방화,신방화,9,4104,1,1,0,0,7.9,0,9-공항시장,9-마곡나루,126.8166,37.56753, 1-4
9-마곡나루,마곡나루,9,4105,0,1,0,0,7.5,0,9-신방화,9-양천향교,126.8295,37.56734, 1-4
9-양천향교,양천향교,9,4106,1,1,0,0,7.4,0,9-마곡나루,9-가양,126.8413,37.56838, 1-4
9-가양,가양,9,4107,1,1,0,0,5.5,1,9-양천향교,9-증미,126.8545,37.56139, 1-4
9-증미,증미,9,4108,1,1,0,0,7.2,0,9-가양,9-등촌,126.8619,37.5574, 1-4
9-등촌,등촌,9,4109,1,1,0,0,7.4,0,9-증미,9-염창,126.8657,37.55063, 1-4
9-염창,염창,9,4110,1,1,0,0,8.3,0,9-등촌,9-신목동,126.8749,37.54694, 1-4
9-신목동,신목동,9,4111,1,1,0,0,7.8,0,9-염창,9-선유도,126.8831,37.54428, 1-4
9-선유도,선유도,9,4112,1,1,0,0,5.6,0,9-신목동,9-당산,126.8935,37.53802, 1-4
9-당산,당산,9,4113,1,1,0,0,5.3,0,9-선유도,9-국회의사당,126.9023,37.53438, 1-4
9-국회의사당,국회의사당,9,4114,1,1,0,0,7.9,0,9-당산,9-여의도,126.9179,37.52811, 1-4
9-샛강,샛강,9,4116,1,1,0,0,5.2,0,9-여의도,9-노량진,126.9284,37.51727, 1-4
9-노량진,노량진,9,4117,1,1,0,0,5.6,0,9-샛강,9-노들,126.9425,37.51422, 1-4
9-노들,노들,9,4118,1,1,0,0,7.3,0,9-노들,9-흑석,126.9532,37.51289, 1-4
9-흑석,흑석,9,4119,1,1,0,0,8.9,0,9-노들,9-동작,126.9637,37.50877, 1-4
9-동작,동작,9,4120,1,1,0,0,7.2,1,9-흑석,9-구반포,126.9793,37.50297, 1-4
9-구반포,구반포,9,4121,1,1,0,0,7.6,0,9-동작,9-신반포,126.9873,37.50136, 1-4
9-신반포,신반포,9,4122,1,1,0,0,7.4,0,9-구반포,9-고속터미널,126.9959,37.50342, 1-4
9-고속터미널,고속터미널,9,4123,1,1,0,0,5.3,1,9-신반포,9-사평,127.0049,37.50481, 1-4
9-사평,사평,9,4124,1,1,0,0,5.7,0,9-고속터미널,9-신논현,127.0153,37.50421, 1-4
9-신논현,신논현,9,4125,1,1,0,0,5.1,0,9-사평,9-언주,127.0251,37.5046, 1-4
9-언주,언주,9,4126,0,1,0,0,8.9,0,9-신논현,9-선정릉,127.0339,37.50729, 1-4
9-선정릉,선정릉,9,4127,0,1,0,0,7,0,9-언주,9-삼성중앙,127.0436,37.51098, 1-4
9-삼성중앙,삼성중앙,9,4128,0,1,0,0,9.4,0,9-선정릉,9-봉은사,127.0533,37.51301, 1-4
9-삼전,삼전,9,4131,0,1,0,0,-,1,9-종합운동장,9-석촌고분,-,-, 1-4
9-석촌고분,석촌고분,9,4132,0,1,0,0,-,1,9-삼전,9-석촌,-,-, 1-4
9-석촌,석촌,9,4133,1,1,0,0,-,1,9-석촌고분,9-송파나루,127.107,37.50543, 1-4
9-송파나루,송파나루,9,4134,0,1,0,0,-,1,9-석촌,9-한성백제,-,-, 1-4
9-한성백제,한성백제,9,4135,0,1,0,0,-,1,9-송파나루,9-올림픽공원,-,-, 1-4
9-올림픽공원,올림픽공원,9,4136,1,1,0,0,-,1,9-한성백제,9-둔촌오륜,-,-, 1-4
9-둔촌오륜,둔촌오륜,9,4137,0,1,0,0,-,0,9-올림픽공원,9-중앙보훈병원,-,-, 1-4
9-중앙보훈병원,중앙보훈병원,9,4138,0,1,0,0,-,1,9-둔촌오륜,-,-,-, 1-4
