역삼주간보호센터,서울특별시,강남구,서울특별시 강남구 테헤란로 8길 36,37.496458,127.032019,2층 입구,9:00,18:00,0:00,23:59,0:00,23:59,2,Y,Y,역삼주간보호센터,02-518-2270,2022-09-27
삼성2동주민센터,서울특별시,강남구,서울특별시 강남구 봉은사로 419,37.51120565,127.0459755,삼성2동 문화센터 1층 엘리베이터 앞,9:00,22:00,6:30,22:00,0:00,23:59,2,Y,Y,서울특별시 강남구 삼성2동주민센터,02-3423-8242,2022-09-27
강남구청,서울특별시,강남구,서울특별시 강남구 학동로426,37.51796636,127.0470611,1층 민원실,9:00,18:00,0:00,23:59,0:00,23:59,2,N,Y,서울특별시 강남구 강남구청,02-3423-5888,2022-09-27
압구정동 주민센터,서울특별시,강남구,서울특별시 강남구 압구정로 201,37.53153399,127.0292754,1층 민원실,9:00,18:00,0:00,23:59,0:00,23:59,2,Y,Y,서울특별시 강남구 압구정동 주민센터,02-3423-7617,2022-09-27
청담동 주민센터,서울특별시,강남구,서울특별시 강남구 압구정로79길 26,37.52509058,127.049244,1층 민원실,9:00,18:00,0:00,23:59,0:00,23:59,2,Y,Y,서울특별시 강남구 청담동 주민센터,02-3423-7705,2022-09-27
수서역,서울특별시,강남구,서울특별시 강남구 광평로 지하270,37.48738773,127.101893,상가(미샤) 공중전화 부근,5:30,0:30,5:30,0:30,5:30,0:30,2,N,Y,수서역,02-6110-3491,2022-09-27
선릉역,서울특별시,강남구,서울특별시 강남구 테헤란로 지하340,37.50450288,127.0489425,게이트 나와 화장실 사이,5:30,0:30,5:30,0:30,5:30,0:30,2,N,Y,선릉역,02-6110-2201,2022-09-27
굿잡자립센터,서울특별시,강남구,서울특별시 강남구 테헤란로8길 36,37.49649864,127.032067,보조공학 서비스센터 안쪽,9:00,18:00,0:00,23:59,0:00,23:59,1,Y,Y,굿잡자립센터,02-518-2209,2022-09-27
논현노인 종합복지관,서울특별시,강남구,서울특별시 강남구 강남대로128길 59,37.51206587,127.0260872,1층 주차장 내부,9:00,18:00,0:00,23:59,0:00,23:59,2,N,Y,논현노인종합복지관,02-541-0226,2022-09-27
강남노인종합복지관,서울특별시,강남구,서울특별시 강남구 삼성로628,37.51590994,127.0521409,1층 카페 통로측,9:00,18:00,0:00,23:59,0:00,23:59,2,N,Y,강남노인종합복지관,070-8031-2387,2022-09-27
수서명화종합사회복지관,서울특별시,강남구,서울특별시 강남구 광평로51길 49,37.49213604,127.0997527,1층 주출입구 좌측 내부,0:00,18:00,0:00,23:59,0:00,23:59,2,N,Y,수서명화종합사회복지관,02-459-2696,2022-09-27
강남세움복지관,서울특별시,강남구,서울특별시 강남구 광평로60길 22,37.48698084,127.106951,1층 외부,9:00,18:00,9:00,18:00,0:00,23:59,1,N,N,강남세움복지관,02-2184-8700,2022-09-27
세곡동주민센터,서울특별시,강남구,서울특별시 강남구 밤고개로 286,37.46904954,127.106923,세곡동 문화센터1층,9:00,18:00,9:00,18:00,9:00,18:00,2,N,N,서울특별시 강남구 세곡동주민센터,02-3423-8698,2022-09-27
대치2동주민센터,서울특별시,강남구,서울특별시 강남구 영동대로 65길 24,37.50230604,127.0641871,대치2동 문화센터1층,6:00,22:00,6:00,22:00,0:00,23:59,2,N,Y,서울특별시 강남구 대치2동주민센터,02-3423-8443,2022-09-27
개포1동주민센터,서울특별시,강남구,서울특별시 강남구 개포로 303,37.48328034,127.0543931,주민센터 민원실,9:00,18:00,0:00,23:59,0:00,23:59,2,N,Y,서울특별시 강남구 개포1동주민센터,02-3423-7664,2022-09-27
개포2동주민센터,서울특별시,강남구,서울특별시 강남구 개포로 511,37.4897829,127.0690748,개포2동 문화센터1층,9:00,18:00,0:00,23:59,0:00,23:59,2,N,N,서울특별시 강남구 개포2동주민센터,02-3423-7763,2022-09-27
수서6단지관리사무소,서울특별시,강남구,서울특별시 강남구 광평로56길 11,37.48797908,127.1056314,통합경비실,0:00,23:59,0:00,23:59,0:00,23:59,2,N,N,수서6단지관리사무소,02-3411-3409,2022-09-27
하상장애인복지관,서울특별시,강남구,서울특별시 강남구 개포로 613,37.4925543,127.0751338,복지관 1층 외부,0:00,23:59,0:00,23:59,0:00,23:59,2,N,Y,하상장애인복지관,02-451-6000,2022-09-27
강남장애인복지관,서울특별시,강남구,서울특별시 강남구 개포로 605,37.491954,127.0734687,장애인복지관5층,9:00,18:00,9:00,14:00,0:00,23:59,2,N,Y,강남장애인복지관,02-445-8006,2022-09-27
충현복지관,서울특별시,강남구,서울특별시 강남구 논현로98길 16,37.503611,127.036971,충현복지관 입구,9:00,18:00,0:00,23:59,0:00,23:59,2,N,Y,충현복지관,02-2192-0600,2022-09-27
수서동주민센터,서울특별시,강남구,서울특별시 강남구 광평로 301-4,37.48890229,127.104955,주민센터 민원실,9:00,18:00,0:00,23:59,0:00,23:59,2,Y,N,서울특별시 강남구 수서동주민센터,02-3423-8598,2022-09-27
일원1동주민센터,서울특별시,강남구,서울특별시 강남구 양재대로55길 14,37.491809,127.0880284,주민센터 민원실,9:00,18:00,0:00,23:59,0:00,23:59,2,N,N,서울특별시 강남구 일원1동주민센터,02-3423-8395,2022-09-27
역삼1동주민센터,서울특별시,강남구,서울특별시 강남구 역삼로7길 16,37.495369,127.0332825,역삼1동 문화센터 1층,6:00,22:00,6:00,22:00,0:00,23:59,2,N,N,서울특별시 강남구 역삼1동주민센터,02-3423-8644,2022-09-27
역삼2동주민센터,서울특별시,강남구,서울특별시 강남구 도곡로43길 25,37.495974,127.046801,주민센터 민원실,9:00,18:00,0:00,23:59,0:00,23:59,2,N,N,서울특별시 강남구 역삼2동주민센터,02-3423-7394,2022-09-27
길동주민센터,서울특별시,강동구,서울특별시 강동구 천호대로 1183,37.53449918,127.1427336,1층 소화전 옆,9:00,18:00,0:00,0:00,0:00,0:00,2,N,Y,서울특별시 강동구청,02-3425-7906,2022-08-17
둔촌2동주민센터,서울특별시,강동구,서울특별시 강동구 천호대로186길 7,37.53334613,127.1419485,직원 조직도 아래,9:00,18:00,0:00,0:00,0:00,0:00,1,N,N,서울특별시 강동구청,02-3425-7934,2022-08-17
천호역,서울특별시,강동구,서울특별시 강동구 천호대로 997,37.53933917,127.1233017,"천호역 5,6,7,8번 출구 갈림길",5:30,0:00,5:30,0:00,5:30,0:00,2,N,Y,서울특별시 강동구청,02-6311-5471,2022-08-17
천호아우름센터,서울특별시,강동구,서울특별시 강동구 구천면로 297-5,37.54684651,127.1337755,정문 옆,9:00,18:00,0:00,0:00,0:00,0:00,2,N,Y,서울특별시 강동구청,02-3425-7940,2022-08-17
강동구청,서울특별시,강동구,서울특별시 강동구 성내로25,37.53016097,127.123769,2청사 입구,9:00,18:00,9:00,18:00,9:00,18:00,2,Y,Y,서울특별시 강동구청,02-3425-5693,2022-08-17
강동구청역,서울특별시,강동구,서울특별시 강동구 올림픽로 지하550,37.53067409,127.1205761,안내데스크 맞은편,9:00,18:00,0:00,0:00,0:00,0:00,2,Y,Y,서울특별시 강동구청,02-6311-8121,2022-08-17
중앙보훈병원역,서울특별시,강동구,서울특별시 강동구 동남로 지하625,37.52889572,127.148542,B1층 신호기계실 좌측 벽면,9:00,18:00,0:00,0:00,0:00,0:00,2,Y,Y,서울특별시 강동구청,02-2656-0938,2022-08-17
둔촌역,서울특별시,강동구,서울특별시 강동구 양재대로 지하1369,37.52813554,127.1363753,B1층 대합실(하선 승강장 계단위),9:00,18:00,0:00,0:00,0:00,0:00,2,Y,Y,서울특별시 강동구청,02-6311-5541,2022-08-17
강동구민회관,서울특별시,강동구,서울특별시 강동구 상암로168,37.54573141,127.141226,정문 앞 택배보관소 옆,9:00,18:00,9:00,18:00,9:00,18:00,2,Y,Y,서울특별시 강동구청,02-2045-7751,2022-08-17
강일동주민센터,서울특별시,강동구,서울특별시 강동구 아리수로93길 9-14,37.56504103,127.1739072,1층 외부현관 왼쪽공간,9:00,18:00,9:00,18:00,9:00,18:00,2,Y,Y,서울특별시 강동구청,02-3425-7423,2022-08-17
고덕2동주민센터,서울특별시,강동구,서울특별시 강동구 아리수로78길 43-12,37.56050657,127.164313,동청사 출입문 옆,9:00,18:00,0:00,0:00,0:00,0:00,2,N,Y,서울특별시 강동구청,02-3425-7573,2022-08-17
강동성심병원,서울특별시,강동구,서울특별시 강동구 성안로150,37.53615555,127.1353357,본관 2층,9:00,18:00,0:00,0:00,0:00,0:00,2,N,Y,서울특별시 강동구청,02-2224-2165,2022-08-17
강동장애인보호작업장,서울특별시,강동구,서울특별시 강동구 고덕로100-5,37.55430774,127.136536,본 건물 지하주차장,9:00,18:00,9:00,18:00,9:00,18:00,2,N,Y,서울특별시 강동구청,070-4837-4550,2022-08-17
강동구립 암사도서관,서울특별시,강동구,서울특별시 강동구 고덕로20길 42,37.55283302,127.1333655,입구,9:00,10:00,9:00,17:00,9:00,17:00,1,N,N,서울특별시 강동구청,02-429-0476,2022-08-17
상일1동주민센터,서울특별시,강동구,서울특별시 강동구 구천면로 633,37.55058303,127.1683006,지하주차장 엘리베이터 앞,9:00,18:00,0:00,0:00,0:00,0:00,2,N,Y,서울특별시 강동구청,02-3425-7448,2022-08-17
명일2동주민센터,서울특별시,강동구,서울특별시 강동구 상암로 260,37.5463638,127.1513524,현관문 좌측,9:00,18:00,0:00,0:00,0:00,0:00,2,N,Y,서울특별시 강동구청,02-3425-7503,2022-08-17
고덕1동주민센터,서울특별시,강동구,서울특별시 강동구 양재대로156길 123,37.55728071,127.1515076,정문 도서반납함 옆,9:00,18:00,0:00,0:00,0:00,0:00,2,N,Y,서울특별시 강동구청,02-3425-7537,2022-08-17
암사1동주민센터,서울특별시,강동구,서울특별시 강동구 올림픽로98가길 57,37.5514791,127.1326396,아이스팩 수거함 옆,9:00,18:00,0:00,0:00,0:00,0:00,2,N,Y,서울특별시 강동구청,02-3425-7593,2022-08-17
암사2동주민센터,서울특별시,강동구,서울특별시 강동구 상암로3길 28,37.5517063,127.1272709,정문 지나서 우측,9:00,18:00,0:00,0:00,0:00,0:00,2,N,Y,서울특별시 강동구청,02-3425-9497,2022-08-17
암사3동주민센터,서울특별시,강동구,서울특별시 강동구 고덕로 137,37.55499636,127.1407841,정문 지나서 내력벽기둥,9:00,18:00,0:00,0:00,0:00,0:00,1,N,N,서울특별시 강동구청,02-3425-7663,2022-08-17
천호1동주민센터,서울특별시,강동구,서울특별시 강동구 구천면로42길 59,37.54502087,127.1367994,주민센터 정수기 옆,9:00,18:00,0:00,0:00,0:00,0:00,2,N,Y,서울특별시 강동구청,02-3425-7695,2022-08-17
성내2동주민센터,서울특별시,강동구,서울특별시 강동구 풍성로37가길 62,37.53243047,127.1295408,무인민원발급기 옆,9:00,18:00,0:00,0:00,0:00,0:00,2,N,Y,서울특별시 강동구청,02-3425-7804,2022-08-17
가오리역,서울특별시,강북구,서울특별시 강북구 수유동 338-47,37.64162714,127.016776,B1층 상선 승강장 엘리베이터 3호기 앞,6:00,23:00,6:00,23:00,6:00,23:00,2,Y,Y,서울특별시 강북구청,02-901-6677,2022-04-06
북서울꿈의숲(아트센터),서울특별시,강북구,서울특별시 강북구 월계로 173,37.62025563,127.0443254,지하1층 로비,10:00,17:00,0:00,0:00,0:00,0:00,2,Y,Y,서울특별시 강북구청,02-901-6677,2022-04-06
강북문화예술회관,서울특별시,강북구,서울특별시 강북구 삼각산로 85,37.64098943,127.0138774,1층 입구,6:00,22:00,0:00,0:00,0:00,0:00,2,Y,Y,서울특별시 강북구청,02-901-6677,2022-04-06
수유제1동 주민센터,서울특별시,강북구,서울특별시 강북구 삼양로 299,37.63005097,127.017543,1층 입구,9:00,18:00,0:00,0:00,0:00,0:00,2,Y,Y,서울특별시 강북구청,02-901-6677,2022-04-06
강북경찰서,서울특별시,강북구,서울특별시 강북구 오패산로 406,37.63717057,127.0270418,경찰서 정문 왼쪽 신한은행ATM 옆,0:00,23:59,0:00,23:59,0:00,23:59,2,Y,Y,서울특별시 강북구청,02-901-6677,2022-04-06
미아사거리역,서울특별시,강북구,서울특별시 강북구 도봉로 50,37.61387407,127.0301002,1번출구와 6번출구 사이,6:00,23:00,6:00,23:00,6:00,23:00,2,Y,Y,서울특별시 강북구청,02-901-6677,2022-04-06
수유역,서울특별시,강북구,서울특별시 강북구 도봉로338,37.6378485,127.0252882,8번출구 나가기전 상가옆 벽면,6:00,23:00,6:00,23:00,6:00,23:00,2,Y,Y,서울특별시 강북구청,02-901-6677,2022-04-06
미아동복합청사,서울특별시,강북구,서울특별시 강북구 솔매로49길 14,37.62709036,127.026989,1층 로비,9:00,18:00,0:00,0:00,0:00,0:00,2,N,Y,서울특별시 강북구청,02-901-6677,2022-04-06
시립 강북노인종합복지관,서울특별시,강북구,서울특별시 강북구 삼양로 92길 40,37.63568736,127.018719,1층 여성안심택배 보관함 근처,0:00,23:59,0:00,23:59,0:00,23:59,2,N,Y,서울특별시 강북구청,02-901-6677,2022-04-06
삼양동종합복지센터,서울특별시,강북구,서울특별시 강북구 삼양로 47길 9,37.62293303,127.018544,1층 로비 사무실 앞,9:00,18:00,0:00,0:00,0:00,0:00,2,N,Y,서울특별시 강북구청,02-901-6677,2022-04-06
강북구장애인단체총연합회,서울특별시,강북구,서울특별시 강북구 인수봉로 291,37.64479193,127.0105151,장애인회관 주차장,0:00,23:59,0:00,23:59,0:00,23:59,2,N,Y,서울특별시 강북구청,02-901-6677,2022-04-06
번동5단지종합사회복지관,서울특별시,강북구,서울특별시 강북구 한천로115길 20,37.63368721,127.0345359,1층 후문 주민사랑방 앞,0:00,23:59,0:00,23:59,0:00,23:59,2,N,Y,서울특별시 강북구청,02-901-6677,2022-04-06
번동3단지종합사회복지관,서울특별시,강북구,서울특별시 강북구 오현로 208,37.6296739,127.0411454,복지관 1층 복도,0:00,23:59,0:00,23:59,0:00,23:59,2,N,Y,서울특별시 강북구청,02-901-6677,2022-04-06
번동2단지종합사회복지관,서울특별시,강북구,"서울특별시 강북구 한천로105길 24, 202동",37.62760841,127.0448051,복지관 1층 출입구,0:00,23:59,0:00,23:59,0:00,23:59,2,N,Y,서울특별시 강북구청,02-901-6677,2022-04-06
강북구 보건소,서울특별시,강북구,서울특별시 강북구 한천로 897,37.63188022,127.0390621,보건소 입구,0:00,23:59,0:00,23:59,0:00,23:59,2,N,Y,서울특별시 강북구청,02-901-6677,2022-04-06
강북장애인종합복지관,서울특별시,강북구,서울특별시 강북구 오현로 189,37.6287592,127.0390695,주차장,9:00,18:00,0:00,0:00,0:00,0:00,2,N,Y,서울특별시 강북구청,02-901-6677,2022-04-06
오동근린공원,서울특별시,강북구,서울특별시 강북구 덕릉로42길 49,37.633061,127.0322063,실내배드민턴장 뒤편,0:00,23:59,0:00,23:59,0:00,23:59,2,N,Y,서울특별시 강북구청,02-901-6677,2022-04-06
오동근린공원,서울특별시,강북구,서울특별시 강북구 오현로31길 51,37.63045708,127.0377699,강북구민운동장 뒤 쉼터 내(데크),0:00,23:59,0:00,23:59,0:00,23:59,2,N,Y,서울특별시 강북구청,02-901-6677,2022-04-06
국립재활원,서울특별시,강북구,서울특별시 강북구 삼각산로 58,37.63865444,127.0102649,1층 행정동 로비,9:00,18:00,0:00,0:00,0:00,0:00,2,Y,Y,서울특별시 강북구청,02-901-6677,2022-04-06
강북구청,서울특별시,강북구,서울특별시 강북구 도봉로89길 13,37.63918553,127.0254518,1층 서비스코너,9:00,18:00,0:00,0:00,0:00,0:00,2,N,Y,서울특별시 강북구청,02-901-6677,2022-04-06
솔밭근린공원,서울특별시,강북구,서울특별시 강북구 삼양로 561,37.65301233,127.0122523,관리소 안심택배함 옆,0:00,23:59,0:00,23:59,0:00,23:59,2,Y,Y,서울특별시 강북구청,02-901-6677,2022-04-06
강서구보건소,서울특별시,강서구,서울특별시 강서구 공항대로 561,37.549648,126.8682802,1층,9:00,18:00,0:00,0:00,0:00,0:00,2,Y,Y,서울특별시 강서구보건소,02-2600-5807,2022-08-04
가양7종합사회복지관,서울특별시,강서구,서울특별시 강서구 허준로 209,37.561739,126.861592,1층,9:00,18:00,0:00,0:00,0:00,0:00,2,Y,Y,가양7종합사회복지관,02-2668-8600,2022-08-04
등촌1종합사회복지관,서울특별시,강서구,서울특별시 강서구 강서로68길 36,37.565387,126.842257,1층,9:00,18:00,0:00,0:00,0:00,0:00,2,Y,Y,등촌1종합사회복지관,02-2658-1010,2022-08-04
등촌7종합사회복지관,서울특별시,강서구,서울특별시 강서구 공항대로43길 104,37.560239,126.851694,1층,9:00,18:00,0:00,0:00,0:00,0:00,2,Y,Y,등촌7종합사회복지관,02-2658-6521,2022-08-04
방화2종합사회복지관,서울특별시,강서구,서울특별시 강서구 방화대로48길 40,37.574245,126.820167,1층,9:00,18:00,0:00,0:00,0:00,0:00,2,Y,Y,방화2종합사회복지관,02-2662-6662,2022-08-04
강서구립봉제산어르신복지센터,서울특별시,강서구,서울특별시 강서구 초록마을로15길 12,37.541523,126.851408,1층,9:00,18:00,0:00,0:00,0:00,0:00,2,Y,Y,강서구립봉제산어르신복지센터,02-2605-1553,2022-08-04
겸재정선미술관,서울특별시,강서구,서울특별시 강서구 양천로47길 36,37.572223,126.838412,2층,10:00,17:00,10:00,17:00,10:00,17:00,2,Y,Y,겸재정선미술관,02-2659-2206,2022-08-04
등촌3동주민센터,서울특별시,강서구,서울특별시 강서구 화곡로63길 96,37.558888,126.847919,1층,9:00,18:00,0:00,0:00,0:00,0:00,2,Y,Y,서울특별시 강서구 등촌3동주민센터,02-2600-7445,2022-08-04
가양4종합사회복지관,서울특별시,강서구,서울특별시 강서구 양천로57길 37,37.565932,126.852069,1층,9:00,18:00,0:00,0:00,0:00,0:00,2,Y,Y,가양4종합사회복지관,02-2668-6689,2022-08-04
가양5종합사회복지관,서울특별시,강서구,서울특별시 강서구 양천로 57길 36,37.564627,126.8535196,1층,9:00,18:00,0:00,0:00,0:00,0:00,2,Y,Y,가양5종합사회복지관,02-2668-4603,2022-08-04
등촌4종합사회복지관,서울특별시,강서구,서울특별시 강서구 공항대로39길 59,37.562259,126.842895,1층,9:00,18:00,0:00,0:00,0:00,0:00,2,Y,Y,등촌4종합사회복지관,02-2658-8800,2022-08-04
등촌9종합사회복지관,서울특별시,강서구,서울특별시 강서구 화곡로63가길 92,37.561952,126.850209,1층,9:00,18:00,0:00,0:00,0:00,0:00,2,Y,Y,등촌9종합사회복지관,02-2658-4127,2022-08-04
강서다솔장애인자립생활센터,서울특별시,강서구,"서울특별시 강서구 양천로57길 36, 가양5단지 A상가 (가양동)",37.564627,126.853521,지하 106호,9:30,17:30,0:00,0:00,0:00,0:00,2,Y,Y,강서다솔장애인자립생활센터,070-4200-2136,2022-08-04
강서구 장애인단체 총연합회,서울특별시,강서구,"서울특별시 강서구 공항대로 247, C동(마곡동)",37.559314,126.835239,619호,9:00,18:00,0:00,0:00,0:00,0:00,2,N,N,서울특별시 강서구 장애인단체 총연합회,02-6346-3918,2022-08-04
허니장애인자립생활센터,서울특별시,강서구,서울특별시 강서구 공항대로 228(마곡동),37.558633,126.832674,1002호,9:00,18:00,0:00,0:00,0:00,0:00,2,N,Y,허니장애인자립생활센터,02-2661-7724,2022-08-04
행복을파는장사꾼,서울특별시,강서구,서울특별시 강서구 까치산로 134(화곡동),37.549281,126.851413,3층,9:00,18:00,0:00,0:00,0:00,0:00,1,N,N,행복을파는장사꾼,02-2065-1591,2022-08-04
꿈장애인자립생활센터,서울특별시,강서구,서울특별시 강서구 화곡로31다길 11(화곡동),37.544797,126.838149,지상층,10:00,17:00,0:00,0:00,0:00,0:00,2,N,Y,꿈장애인자립생활센터,02-2691-2692,2022-08-04
장애여성인력개발센터,서울특별시,강서구,서울특별시 강서구 화곡로 346,37.55450913,126.8520186,2층,9:00,18:00,0:00,0:00,0:00,0:00,1,N,N,장애여성인력개발센터,02-6929-0002,2022-08-04
누리장애인자립생활센터,서울특별시,강서구,서울특별시 강서구 방화동로 126,37.571954,126.811926,지하1층,8:00,22:00,8:00,22:00,8:00,22:00,2,Y,Y,누리장애인자립생활센터,02-2064-0896,2022-08-04
강서뇌성마비복지관,서울특별시,강서구,서울특별시 강서구 방화대로45길 69,37.574209,126.812581,지하2층,9:00,18:00,0:00,0:00,0:00,0:00,2,Y,Y,강서뇌성마비복지관,02-2662-3491,2022-08-04
강서뇌성마비복지관,서울특별시,강서구,서울특별시 강서구 방화대로45길 69,37.574209,126.812581,5층,9:00,18:00,0:00,0:00,0:00,0:00,2,Y,Y,강서뇌성마비복지관,02-2662-3491,2022-08-04
기쁜우리체육센터,서울특별시,강서구,서울특별시 강서구 허준로 65 기쁜우리체육센터,37.569309,126.848694,1층,9:00,18:00,0:00,0:00,0:00,0:00,2,Y,Y,기쁜우리체육센터,02-3663-8114,2022-08-04
샬롬의집,서울특별시,강서구,서울특별시 강서구 방화대로7가길 11,37.556884,126.815688,1층,9:00,19:00,9:00,19:00,0:00,0:00,2,Y,Y,샬롬의집,02-2662-2488,2022-08-04
남은자장애인자립생활센터,서울특별시,강서구,서울특별시 강서구 공항대로 164,37.559326,126.825515,710호,9:00,18:00,0:00,0:00,0:00,0:00,2,Y,Y,남은자장애인자립생활센터,02-3664-0874,2022-08-04
강서길라장애인자립생활센터,서울특별시,강서구,서울특별시 강서구 양천로 551-24,37.55887046,126.861959,502호,9:00,18:00,0:00,0:00,0:00,0:00,2,Y,Y,강서길라장애인자립생활센터,02-3662-0946,2022-08-04
맑은장애인자립생활센터,서울특별시,강서구,서울특별시 강서구 강서로 466,37.566899,126.841426,우리벤처타운 201호,9:00,18:00,0:00,0:00,0:00,0:00,2,Y,Y,맑은장애인자립생활센터,02-2605-0420,2022-08-04
기쁜우리복지관,서울특별시,강서구,서울특별시 강서구 허준로 65,37.569309,126.848694,1층 프론트,9:00,18:00,0:00,0:00,0:00,0:00,2,Y,Y,기쁜우리복지관,02-3665-3831,2022-08-04
방화역,서울특별시,강서구,서울특별시 강서구 금낭화로 132,37.577003,126.8126299,지하1층 계단 옆,5:00,23:59,5:00,23:59,5:00,23:59,2,Y,Y,방화역,02-6311-5101,2022-08-04
개화산역,서울특별시,강서구,서울특별시 강서구 양천로 22,37.57227002,126.806002,지하1층 대합실 만남의장소 의자 옆,5:00,23:59,5:00,23:59,5:00,23:59,2,Y,Y,개화산역,02-6311-5111,2022-08-04
김포공항역,서울특별시,강서구,서울특별시 강서구 하늘길 77,37.572353,126.801812,지하1층 자동발매기 앞 공간,5:00,23:59,5:00,23:59,5:00,23:59,2,Y,Y,김포공항역,02-2656-0902,2022-08-04
마곡나루역,서울특별시,강서구,서울특별시 강서구 마곡중앙5로 2,37.566793,126.827518,지하1층 휴게공간,5:00,23:59,5:00,23:59,5:00,23:59,2,Y,Y,마곡나루역,02-2656-0905,2022-08-04
양천향교역,서울특별시,강서구,서울특별시 강서구 양천로 341,37.568761,126.840818,지하1층 변전실 앞,5:00,23:59,5:00,23:59,5:00,23:59,2,Y,Y,양천향교역,02-2656-0906,2022-08-04
가양역,서울특별시,강서구,서울특별시 강서구 양천로 485,37.561554,126.854388,지하1층 엘리베이터 옆,5:00,23:59,5:00,23:59,5:00,23:59,2,Y,Y,가양역,02-2656-0907,2022-08-04
가양역,서울특별시,강서구,서울특별시 강서구 양천로 485,37.561554,126.854388,지하1층 중간계단부 용역대기실 앞,5:00,23:59,5:00,23:59,5:00,23:59,2,Y,Y,가양역,02-2656-0907,2022-08-04
공항동주민센터,서울특별시,강서구,서울특별시 강서구 송정로 45,37.558783,126.810074,1층,9:00,18:00,0:00,0:00,0:00,0:00,2,Y,Y,서울특별시 강서구 공항동주민센터,02-2600-7937,2022-08-04
발산1동주민센터,서울특별시,강서구,서울특별시 강서구 강서로47길 54,37.553116,126.833177,1층,9:00,18:00,0:00,0:00,0:00,0:00,2,Y,Y,서울특별시 강서구 발산1동주민센터,02-2600-7897,2022-08-04
강서구청 별관 복지지원센터,서울특별시,강서구,서울특별시 강서구 화곡로 302,37.550966,126.849532,1층,9:00,18:00,0:00,0:00,0:00,0:00,1,N,N,서울특별시 강서구 강서구청 별관 복지지원센터,02-2600-6696,2022-08-04
관악구민체육센터,서울특별시,관악구,서울특별시 관악구 봉천동 낙성대로3길 37 관악구민종합체육센터,37.473067,126.960315,1층 로비,9:00,18:00,9:00,18:00,9:00,18:00,2,Y,Y,서울특별시 관악구민체육센터,02-870-7625,2022-04-27
신원동주민센터,서울특별시,관악구,서울특별시 관악구 신원로3길 13,37.48161061,126.9273978,1층 출입구,9:00,18:00,9:00,18:00,9:00,18:00,1,Y,Y,서울특별시 관악구 신원동 주민센터,02-879-4714,2022-04-27
관악구보건소,서울특별시,관악구,서울특별시 관악구 봉천동 관악로 145 관악보건소 2동,37.478211,126.951501,1층 민원실,9:00,18:00,9:00,18:00,9:00,18:00,2,Y,N,서울특별시 관악구 보건소,02-879-7106,2022-04-27
서울새롬학교,서울특별시,관악구,서울특별시 관악구 봉천동 보라매로 44 삼육외래센터 SRC서울센터(새롬학교),37.493192,126.927372,4층 별관,9:00,18:00,9:00,18:00,9:00,18:00,2,Y,N,서울새롬학교,02-840-3535,2022-04-27
관악구종합청사,서울특별시,관악구,서울특별시 관악구 봉천동 관악로 145 관악구청 1동,37.47821067,126.951503,1층 로비,9:00,18:00,9:00,18:00,9:00,18:00,2,Y,N,서울특별시 관악구청 행정지원과,02-879-5192,2022-04-27
장애인종합복지관,서울특별시,관악구,서울특별시 관악구 봉천동 남부순환로 1914 관악구장애인종합복지관,37.477439,126.961852,"1층 지상주차장, 8층 장애인단체연합회 사무실 앞",9:00,18:00,9:00,18:00,9:00,18:00,2,Y,Y,서울특별시 관악구 장애인종합복지관,02-877-0750,2022-04-27
관악산 무장애숲길,서울특별시,관악구,　,37.45661448,126.945751,무장애숲길 관리사무소 앞,9:00,18:00,9:00,18:00,9:00,18:00,2,Y,N,무장애숲길 관리사무소,02-879-6521,2022-04-27
한울림장애인자립생활센터,서울특별시,관악구,"서울특별시 관악구 남부순환로 1692, 태광빌딩",37.483592,126.938176,4층,9:00,18:00,9:00,18:00,9:00,18:00,2,Y,N,한울림장애인자립생활센터,02-878-2031,2022-04-27
서울대학교,서울특별시,관악구,서울특별시 관악구 신림동 관악로 1 삼성컨벤션센타,37.468002,126.959294,관정관 2층,9:00,18:00,9:00,18:00,9:00,18:00,2,Y,N,서울대학교,02-880-5114,2022-04-27
난곡동 주민센터,서울특별시,관악구,서울특별시 관악구 난곡로30길 40,37.471022,126.921647,1층 민원실,9:00,18:00,9:00,18:00,9:00,18:00,2,Y,N,서울특별시 관악구 난곡동 주민센터,02-879-4621,2022-04-27
난향동주민센터,서울특별시,관악구,서울특별시 관악구 신림동 난곡로 67 난향동주민센터,37.46151944,126.918785,1층 출입구 우측,9:00,18:00,9:00,18:00,9:00,18:00,2,Y,N,서울특별시 관악구 난향동주민센터,02-879-4651,2022-04-27
서원동주민센터,서울특별시,관악구,서울특별시 관악구 신림로 282,37.479732,126.931365,1층 사무실 출입구 오른쪽 하단 설치,9:00,18:00,9:00,18:00,9:00,18:00,2,Y,N,서울특별시 관악구 서원동주민센터,02-879-4681,2022-04-27
서림동 주민센터,서울특별시,관악구,서울특별시 관악구 신림동 신림로29길 6 서림동주민센터,37.474956,126.9349996,1층 출입구 좌측,9:00,18:00,9:00,18:00,9:00,18:00,2,Y,N,서울특별시 관악구 서림동 주민센터,02-879-4741,2022-04-27
삼성동주민센터,서울특별시,관악구,서울특별시 관악구 신림동 호암로 589 삼성동주민센터,37.470106,126.932951,1층 복지상담실 옆,9:00,18:00,9:00,18:00,9:00,18:00,2,Y,N,서울특별시 관악구 삼성동주민센터,02-879-4771,2022-04-27
대학동 주민센터,서울특별시,관악구,서울특별시 관악구 신림로 111,37.470558,126.936943,1층 출입구,9:00,18:00,9:00,18:00,9:00,18:00,2,Y,N,서울특별시 관악구 대학동 주민센터,02-879-4801,2022-04-27
신림종합사회복지관,서울특별시,관악구,서울특별시 관악구 난곡로110,37.464836,126.919828,1층 출입구,9:00,18:00,9:00,18:00,9:00,18:00,2,Y,N,서울특별시 관악구 신림종합사회복지관,02-851-1767,2022-04-27
보훈회관,서울특별시,관악구,서울특별시 관악구 신림동 남부순환로 1427 관악구 보훈회관,37.481166,126.909375,1층 출입구 옆,9:00,18:00,9:00,18:00,9:00,18:00,2,Y,N,보훈회관,070-7039-3265,2022-04-27
신림동주민센터,서울특별시,관악구,서울특별시 관악구 신림동 신림동길 14 신림동주민센터,37.487355,126.927102,1층 사회복지팀  접수대 유리창 아래,9:00,18:00,9:00,18:00,9:00,18:00,2,Y,N,서울특별시 관악구 신림동주민센터,02-879-4501,2022-04-27
조원동 주민센터,서울특별시,관악구,서울특별시 관악구 신림동 조원로12길 25 조원동주민센터,37.482523,126.907783,1층 사무실 내 상담실 옆,9:00,18:00,9:00,18:00,9:00,18:00,2,Y,N,서울특별시 관악구 조원동 주민센터,02-879-4566,2022-04-27
미성동 주민센터,서울특별시,관악구,서울특별시 관악구 신림동 난곡로 249 미성동 주민센터,37.476136,126.915541,1층 출입구 옆,9:00,18:00,9:00,18:00,9:00,18:00,2,Y,N,서울특별시 관악구 미성동 주민센터,02-879-4591,2022-04-27
보라매동 주민센터,서울특별시,관악구,서울특별시 관악구 봉천동 봉천로 279-8 보라매동 주민센터,37.48817576,126.932773,1층 출입구,9:00,18:00,9:00,18:00,9:00,18:00,2,Y,N,서울특별시 관악구 보라매동 주민센터,02-879-4201,2022-04-27
은천동 주민센터,서울특별시,관악구,서울특별시 관악구 봉천동 봉천로33나길 30 은천동 복합청사,37.485306,126.942408,지하1층 식당,9:00,18:00,9:00,18:00,9:00,18:00,2,Y,N,서울특별시 관악구 은천동 주민센터,02-879-4231,2022-04-27
성현동 주민센터,서울특별시,관악구,서울특별시 관악구 봉천동 구암길 38 성현동 주민센터,37.489529,126.948147,1층 민원실 출입구 옆,9:00,18:00,9:00,18:00,9:00,18:00,2,Y,N,서울특별시 관악구 성현동 주민센터,02-879-4261,2022-04-27
중앙동주민센터,서울특별시,관악구,서울특별시 관악구 양녕로6다길 7,37.484152,126.949728,지하 1층 입구 내 좌측,9:00,18:00,9:00,18:00,9:00,18:00,2,Y,N,서울특별시 관악구 중앙동주민센터,02-879-4317,2022-04-27
청림동주민센터,서울특별시,관악구,서울특별시 관악구 봉천동 관악로40길 39 청림동 주민센터,37.492717,126.958219,2층 민원실 입구,9:00,18:00,9:00,18:00,9:00,18:00,2,Y,N,서울특별시 관악구 청림동주민센터,02-879-4321,2022-04-27
행운동주민센터,서울특별시,관악구,서울특별시 관악구 행운1길 43,37.480605,126.957016,지하1층 주차장 옆,9:00,18:00,9:00,18:00,9:00,18:00,2,Y,N,서울특별시 관악구 행운동주민센터,02-879-4351,2022-04-27
청룡동 주민센터,서울특별시,관악구,서울특별시 관악구 쑥고개로 44,37.479117,126.941634,주민센터 내 복도(청룡동 안내판 아래),9:00,18:00,9:00,18:00,9:00,18:00,2,Y,N,서울특별시 관악구 청룡동 주민센터,02-879-4381,2022-04-27
낙성대동 주민센터,서울특별시,관악구,서울특별시 관악구 낙성대로4가길 5,37.476257,126.958376,1층 출입구,9:00,18:00,9:00,18:00,9:00,18:00,2,Y,N,서울특별시 관악구 낙성대동 주민센터,02-879-4411,2022-04-27
인헌동주민센터,서울특별시,관악구,서울특별시 관악구 남부순환로246가길 20,37.475099,126.965325,1층 복도,9:00,18:00,9:00,18:00,9:00,18:00,2,Y,N,서울특별시 관악구 인헌동주민센터,02-879-4447,2022-04-27
남현동주민센터,서울특별시,관악구,서울특별시 관악구 남현동 남현1가길 29 남현동복합청사,37.474688,126.977868,2층 복지상담실,9:00,18:00,9:00,18:00,9:00,18:00,2,Y,N,서울특별시 관악구 남현동주민센터,02-879-4471,2022-04-27
군자역,서울특별시,광진구,서울특별시 광진구 천호대로 550,37.55720376,127.0794903,7번출구 지상용 엘리베이터 지하 출입구,6:00,23:00,6:00,23:00,6:00,23:00,2,Y,Y,서울특별시 광진구,02-450-7529,2022-06-22
건대입구역,서울특별시,광진구,서울특별시 광진구 아차산로 243,37.54041925,127.0691712,2호선 개찰구 안 화장실 맞은편,6:00,23:00,6:00,23:00,6:00,23:00,2,Y,Y,서울특별시 광진구,02-450-7529,2022-06-22
중곡보건지소,서울특별시,광진구,서울특별시 광진구 긴고랑로 110,37.559373,127.0870892,2층 복도 휴게실,9:00,18:00,0:00,0:00,0:00,0:00,2,Y,Y,서울특별시 광진구,02-450-7529,2022-06-22
정립회관,서울특별시,광진구,서울특별시 광진구 워커힐로93,37.55053695,127.0979157,1층 수영장 입구,9:00,18:00,0:00,0:00,0:00,0:00,1,N,N,서울특별시 광진구,02-450-7529,2022-06-22
정립회관,서울특별시,광진구,서울특별시 광진구 워커힐로93,37.55053695,127.0979157,1층 본관 휴게실,9:00,18:00,0:00,0:00,0:00,0:00,2,Y,Y,서울특별시 광진구,02-450-7529,2022-06-22
한국뇌병변장애인인권협회,서울특별시,광진구,서울특별시 광진구 자양로 176,37.543179,127.084777,광진IL센터 401호,9:00,18:00,0:00,0:00,0:00,0:00,2,Y,Y,서울특별시 광진구,02-450-7529,2022-06-22
광진장애인회관,서울특별시,광진구,서울특별시 광진구 자양로 209,37.5460025,127.086046,장애인회관 본관,9:00,18:00,0:00,0:00,0:00,0:00,1,N,N,서울특별시 광진구,02-450-7529,2022-06-22
광진장애인회관,서울특별시,광진구,서울특별시 광진구 자양로 209,37.5460025,127.086046,장애인회관 본관,9:00,18:00,0:00,0:00,0:00,0:00,2,Y,Y,서울특별시 광진구,02-450-7529,2022-06-22
광진구청,서울특별시,광진구,서울특별시 광진구 자양로 117,37.53854062,127.0819145,민원복지동 1층 민원여권과 우측 출입구,9:00,18:00,9:00,18:00,0:00,0:00,2,Y,Y,서울특별시 광진구,02-450-7529,2022-06-22
구로구청,서울특별시,구로구,서울특별시 구로구 가마산로 245,37.49551123,126.8882891,구로구청 본관 1층,9:00,18:00,9:00,18:00,9:00,18:00,2,N,Y,서울특별시 구로구청,02-860-2374,2022-06-29
구로구민체육센터,서울특별시,구로구,서울특별시 구로구 고척로45길 39,37.50658242,126.8532783,구로구민체육센터 1층,6:00,22:00,6:00,19:00,0:00,0:00,2,Y,N,서울특별시 구로구청,02-860-2374,2022-06-29
구로구시설관리공단,서울특별시,구로구,서울특별시 구로구 구로동로26길 54,37.48987838,126.8865593,구로구시설관리공단 1층,6:00,23:00,6:00,23:00,6:00,23:00,2,Y,N,서울특별시 구로구청,02-860-2374,2022-06-29
구로구민회관,서울특별시,구로구,서울특별시 구로구 가마산로25길 21,37.49710368,126.8895474,구로구민회관 1층,9:00,18:00,9:00,18:00,0:00,0:00,2,Y,N,서울특별시 구로구청,02-860-2374,2022-06-29
성프란치스꼬장애인종합복지관,서울특별시,구로구,서울특별시 구로구 남부순환로105라길 25-10,37.48180209,126.8905627,성프란치스꼬장애인종합복지관 1층,9:00,18:00,0:00,0:00,0:00,0:00,2,N,Y,서울특별시 구로구청,02-860-2374,2022-06-29
구로구보건소,서울특별시,구로구,서울특별시 구로구 구로중앙로28길 66,37.50010203,126.8893394,보건소 2층,9:00,18:00,0:00,0:00,0:00,0:00,2,Y,N,서울특별시 구로구청,02-860-2374,2022-06-29
신도림역,서울특별시,구로구,서울특별시 구로구 새말로 지하 117-21,37.50877132,126.891082,신도림역 2호선,6:00,23:00,6:00,23:00,6:00,23:00,2,N,N,서울특별시 구로구청,02-860-2374,2022-06-29
천왕역,서울특별시,구로구,서울특별시 구로구 오리로 지하 1154,37.48682059,126.8387128,천왕역 7호선,6:00,23:00,6:00,23:00,6:00,23:00,2,Y,N,서울특별시 구로구청,02-860-2374,2022-06-29
온수역,서울특별시,구로구,서울특별시 구로구 경인로3길 지하 64,37.49215065,126.8233816,온수역 7호선,6:00,23:00,6:00,23:00,6:00,23:00,2,Y,N,서울특별시 구로구청,02-860-2374,2022-06-29
구일역,서울특별시,구로구,서울특별시 구로구 구일로 133,37.49639172,126.8699216,구일역 1호선,6:00,23:00,6:00,23:00,6:00,23:00,2,Y,N,서울특별시 구로구청,02-860-2374,2022-06-29
대림역,서울특별시,구로구,서울특별시 구로구 도림천로 351,37.49330996,126.8949446,대림역 2호선,6:00,23:00,6:00,23:00,6:00,23:00,2,Y,N,서울특별시 구로구청,02-860-2374,2022-06-29
구로조은장애인자립생활센터,서울특별시,구로구,서울특별시 구로구 디지털로31길 38-21,37.48652247,126.8937149,2층,9:00,18:00,0:00,0:00,0:00,0:00,2,N,Y,서울특별시 구로구청,02-860-2381,2022-06-29
구로장애인자립생활센터,서울특별시,구로구,서울특별시 구로구 가마산로27길 14,37.49772931,126.8918534,8층,9:30,18:30,0:00,0:00,0:00,0:00,2,N,Y,서울특별시 구로구청,02-860-2382,2022-06-29
구로3동주민센터,서울특별시,구로구,서울특별시 구로구 디지털로 31길 109,37.48734704,126.89033,1층 복도,9:00,18:00,0:00,0:00,0:00,0:00,2,N,N,서울특별시 구로구청,02-860-2374,2022-06-29
오류1동주민센터,서울특별시,구로구,서울특별시 구로구 경인로27길 7,37.497288,126.844942,지하1층 엘리베이터 옆,9:00,18:00,0:00,0:00,0:00,0:00,2,N,N,서울특별시 구로구청,02-860-2374,2022-06-29
독산2동 주민센터,서울특별시,금천구,서울특별시 금천구 독산로 179,37.4631479,126.9034825,1층 로비,9:00,18:00,0:00,0:00,0:00,0:00,2,Y,Y,서울특별시 금천구,02-2627-2505,2022-08-25
독산3동 주민센터,서울특별시,금천구,서울특별시 금천구 독산로 317,37.4751599,126.9031731,1층 민원실,9:00,18:00,0:00,0:00,0:00,0:00,2,Y,Y,서울특별시 금천구,02-2627-2507,2022-08-25
독산4동 주민센터,서울특별시,금천구,서울특별시 금천구 독산로 232,37.4675545,126.9021682,1층 로비,9:00,18:00,0:00,0:00,0:00,0:00,2,Y,Y,서울특별시 금천구,02-2627-2509,2022-08-25
시흥1동 주민센터,서울특별시,금천구,서울특별시 금천구 시흥대로58길 36,37.4535537,126.9032507,1층 입구,9:00,18:00,0:00,0:00,0:00,0:00,2,Y,Y,서울특별시 금천구,02-2627-2514,2022-08-25
시흥2동 주민센터,서울특별시,금천구,서울특별시 금천구 금하로 764,37.4496105,126.9146113,1층 입구,9:00,18:00,0:00,0:00,0:00,0:00,2,Y,Y,서울특별시 금천구,02-2627-2515,2022-08-25
시흥3동 주민센터,서울특별시,금천구,서울특별시 금천구 시흥대로18길 40,37.4402604,126.9058035,1층 로비,9:00,18:00,0:00,0:00,0:00,0:00,2,Y,Y,서울특별시 금천구,02-2627-2517,2022-08-25
시흥4동 주민센터,서울특별시,금천구,서울특별시 금천구 독산로36길 14,37.4589788,126.9061844,2층 입구,9:00,18:00,0:00,0:00,0:00,0:00,2,Y,Y,서울특별시 금천구,02-2627-2519,2022-08-25
시흥5동 주민센터,서울특별시,금천구,서울특별시 금천구 금하로24길 6,37.45067291,126.9082725,2층민원실입구,9:00,18:00,0:00,0:00,0:00,0:00,1,N,N,서울특별시 금천구,02-2627-2521,2022-08-25
가산동 주민센터,서울특별시,금천구,서울특별시 금천구 가산로 129,37.4768907,126.891784,1층 민원실,9:00,18:00,0:00,0:00,0:00,0:00,2,Y,Y,서울특별시 금천구,02-2627-2501,2022-08-25
금천구청,서울특별시,금천구,서울특별시 금천구 시흥대로73길 70,37.4570657,126.8960369,1층 민원검색대,9:00,18:00,0:00,0:00,0:00,0:00,2,Y,Y,서울특별시 금천구,02-2627-1390,2022-08-25
금천어울림복지센터,서울특별시,금천구,서울특별시 금천구 시흥대로73길 30,37.4570125,126.8976261,지하주차장,9:00,18:00,0:00,0:00,0:00,0:00,1,N,N,금천어울림복지센터,02-6956-3420,2022-08-25
안양천 산책로,서울특별시,금천구,서울특별시 금천구 안양천동자전거길 1233,37.4568513,126.8929573,금천구청역앞 자전거보관소 화장실,0:00,23:59,0:00,23:59,0:00,23:59,2,Y,Y,서울특별시 금천구,02-2627-1390,2022-08-25
안양천 다목적광장,서울특별시,금천구,서울특별시 금천구 안양천동자전거길 1441,37.4393698,126.9007998,기아대교 밑 화장실,0:00,23:59,0:00,23:59,0:00,23:59,1,N,N,서울특별시 금천구,02-2627-1390,2022-08-25
금천장애인종합복지관,서울특별시,금천구,서울특별시 금천구 시흥대로101길 17,37.4639733,126.8963126,1층주차장,9:00,18:00,9:00,18:00,0:00,0:00,2,Y,Y,금천장애인종합복지관,02-6912-8000,2022-08-25
금천장애인자립생활센터,서울특별시,금천구,"서울특별시 금천구 두산로 70, C동630호",37.46896278,126.8956207,현대지식산업센터C동 630호,9:00,17:00,0:00,0:00,0:00,0:00,2,Y,Y,금천장애인자립생활센터,070-4035-4340,2022-08-25
지체장애인협회금천구지회,서울특별시,금천구,"서울특별시 금천구 시흥대로 155, 218호",37.4478849,126.9026928,2층 사무실,9:00,17:00,0:00,0:00,0:00,0:00,2,Y,Y,지체장애인협회금천구지회,02-809-9660,2022-08-25
독산구립도서관,서울특별시,금천구,서울특별시 금천구 독산로54길 114,37.4675802,126.9081059,1층 입구,9:00,22:00,9:00,17:00,0:00,0:00,1,N,N,독산구립도서관,02-863-9544,2022-08-25
독산1동 주민센터(본소),서울특별시,금천구,서울특별시 금천구 시흥대로123길 11,37.4702208,126.8970434,본소 2층 민원실,9:00,18:00,0:00,0:00,0:00,0:00,2,Y,Y,서울특별시 금천구,02-2627-2503,2022-08-25
독산1동 주민센터(분소),서울특별시,금천구,서울특별시 금천구 한내로 69-17,37.4579016,126.8877667,분소 1층 입구,9:00,18:00,10:00,18:00,10:00,18:00,1,N,N,서울특별시 금천구,02-2627-2525,2022-08-25
교통시설,서울특별시,도봉구,서울특별시 도봉구 도봉로 964-40,37.68912056,127.0465288,도봉산역 (3번출구 2층 엘리베이터 옆),5:16,0:19,5:16,0:19,5:16,0:19,2,N,Y,도봉산역,02-955-7345,2021-08-13
노유자시설,서울특별시,도봉구,서울특별시 도봉구 시루봉로17길 42,37.66931252,127.0326388,"방아골종합사회복지관(1층 내부, 계단 옆)",9:00,18:00,0:00,0:00,0:00,0:00,2,N,Y,방아골종합사회복지관,02-3491-0500,2021-08-13
노유자시설,서울특별시,도봉구,서울특별시 도봉구 시루봉로15라길 59-9,37.67057374,127.0322023,방학동노인복지센터(1층 입구 좌측),9:00,18:00,0:00,0:00,0:00,0:00,2,N,Y,방학동노인복지센터,02-3491-4651,2021-08-13
행정청사,서울특별시,도봉구,서울특별시 도봉구 노해로 147,37.64803784,127.0260513,쌍문1동주민센터(주차장 옆 자전거 주차대),9:00,18:00,0:00,0:00,0:00,0:00,2,N,Y,쌍문1동주민센터,02-2091-5513,2021-08-13
의료시설,서울특별시,도봉구,서울특별시 도봉구 우이천로 308,37.64668485,127.0290583,한일병원(본관 건물 로비 우측),23:59,23:59,23:59,23:59,23:59,23:59,2,N,Y,한일병원,02-901-3114,2021-08-13
노유자시설,서울특별시,도봉구,서울특별시 도봉구 도봉로169가길 52,37.68212785,127.0435807,도봉동노인복지센터(입구 우측 주차장),9:00,18:00,0:00,0:00,0:00,0:00,2,N,Y,도봉동노인복지센터,02-3491-3356,2021-08-13
의료시설,서울특별시,도봉구,서울특별시 도봉구 도봉로 720,37.66876084,127.0438025,도봉병원(1층입구 주차장),23:59,23:59,23:59,23:59,23:59,23:59,2,N,Y,도봉병원,02-3492-3250,2021-08-13
교통시설,서울특별시,도봉구,서울특별시 도봉구 도봉로 955,37.6897507,127.0449195,도봉산역(2번출구 개찰구 안쪽),5:16,0:19,5:16,0:19,5:16,0:19,2,N,N,도봉산역,02-955-7345,2021-08-13
교통시설,서울특별시,도봉구,서울특별시 도봉구 도봉로 486-1,37.64884986,127.0348807,쌍문역(2번출구),5:34,23:59,5:34,23:59,5:34,23:59,2,N,N,쌍문역,02-6110-4130,2021-08-13
교통시설,서울특별시,도봉구,서울특별시 도봉구 마들로 11길 77,37.65321748,127.047715,"창동역(1번출구, 라 환승 통로 계단)",5:05,0:23,5:05,0:23,5:05,0:23,2,N,N,창동역,02-6110-4121,2021-08-13
교통시설,서울특별시,도봉구,서울특별시 도봉구 도봉로170길 2,37.68036291,127.045764,"도봉역(북부, 1번출구 역무실앞)",5:14,0:19,5:14,0:19,5:14,0:19,2,N,N,도봉역,02-3493-8874,2021-08-13
노유자시설,서울특별시,도봉구,서울특별시 도봉구 마들로 664-23,37.66943029,127.0477018,도봉장애인종합복지관(지층),9:00,18:00,0:00,0:00,0:00,0:00,2,N,N,도봉장애인종합복지관,02-6952-1735,2021-08-13
노유자시설,서울특별시,도봉구,서울특별시 도봉구 마들로 664-23,37.66943029,127.0477018,도봉장애인종합복지관(1층),9:00,18:00,0:00,0:00,0:00,0:00,2,N,N,도봉장애인종합복지관,02-6952-1735,2021-08-13
노유자시설,서울특별시,도봉구,서울특별시 도봉구 마들로 664-23,37.66943029,127.0477018,도봉장애인종합복지관(2층),9:00,18:00,0:00,0:00,0:00,0:00,2,N,N,도봉장애인종합복지관,02-6952-1735,2021-08-13
노유자시설,서울특별시,도봉구,서울특별시 도봉구 도당로2길 12-13,37.65892811,127.0359567,도봉노인종합복지관(1층 현관 입구 밖),9:00,18:00,0:00,0:00,0:00,0:00,2,N,N,도봉노인종합복지관,02-993-9900,2021-08-13
노유자시설,서울특별시,도봉구,서울특별시 도봉구 도봉로 164길 33-25,37.67648534,127.0471941,도봉노적성해장애인자립생활센터(1층 108호 내부),9:00,18:00,0:00,0:00,0:00,0:00,2,N,N,도봉노적성해장애인자립생활센터,02-455-2887,2021-08-13
노유자시설,서울특별시,도봉구,서울특별시 도봉구 도봉로 103길 21,37.64491726,127.0309699,도봉장애인자립생활센터( 1층 현관 앞 경사로),9:00,18:00,0:00,0:00,0:00,0:00,2,N,N,도봉장애인자립생활센터,02-993-6300,2021-08-13
교통시설,서울특별시,도봉구,서울특별시 도봉구 덕릉로 376,37.64569591,127.05092,"녹천역(남부, 34번출구 안쪽 1호선 환승역)",5:00,0:20,5:00,0:20,5:00,0:20,2,N,Y,도봉1동주민센터,02-3491-4651,2021-08-13
행정청사,서울특별시,도봉구,서울특별시 도봉구 도봉로169나길 22,37.67869086,127.0434133,도봉1동주민센터(주차장 좌측 EM 기기 옆),9:00,18:00,0:00,0:00,0:00,0:00,2,N,Y,도봉1동주민센터,02-2091-5813,2021-08-13
행정청사,서울특별시,도봉구,서울특별시 도봉구 도봉로 552,37.65416727,127.0386849,도봉구민회관(1층 입구 갤러리 벽),9:00,18:00,0:00,0:00,0:00,0:00,2,N,Y,도봉구민회관,02-901-5160,2021-08-13
행정청사,서울특별시,도봉구,서울특별시 도봉구 마들로 656,37.66871613,127.0471314,도봉구청(1층 주차장 의회입구 통로),9:00,18:00,0:00,0:00,0:00,0:00,2,N,Y,도봉구청,02-2091-3072,2021-08-13
행정청사,서울특별시,도봉구,서울특별시 도봉구 방학로3길 117,37.6579418,127.0388316,도봉구보건소(1층 로비 맞은편),9:00,18:00,0:00,0:00,0:00,0:00,2,N,N,도봉구 보건소,02-2091-4563,2021-08-13
행정청사,서울특별시,도봉구,서울특별시 도봉구 마들로 656,37.66871613,127.0471314,도봉구청(1층 세움카페 옆),9:00,18:00,0:00,0:00,0:00,0:00,2,N,N,도봉구청,02-2091-3075,2021-08-13
기타시설,서울특별시,도봉구,서울특별시 도봉구 도봉로 575,37.65640546,127.03879,지체장애인협회도봉구지회 (6층 복도 끝),9:00,18:00,0:00,0:00,0:00,0:00,2,N,N,지체장애인협회도봉구지회,02-907-0136,2021-08-13
교통시설,서울특별시,도봉구,서울특별시 도봉구 덕릉로 376,37.64569591,127.05092,"녹천역(북부, 2번 출구)",5:07,0:25,5:07,0:25,5:07,0:25,2,N,N,녹천역(북부),02-993-7788,2021-08-13
교통시설,서울특별시,도봉구,서울특별시 도봉구 도봉로150다길 3,37.66634661,127.0444231,방학역(인천행 열차 승강장),5:00,0:20,5:00,0:20,5:00,0:20,2,N,N,방학역,02-3492-0197,2021-08-13
답십리역,서울특별시,동대문구,서울특별시 동대문구 천호대로 295(답십리동),37.56645778,127.053853,답십리역(B2 대합실),5:30,23:59,5:30,23:59,5:30,23:59,2,N,Y,서울특별시 동대문구청,02-2127-4259,2022-08-19
장한평역,서울특별시,동대문구,서울특별시 동대문구 천호대로 405(장안동),37.56201341,127.0641782,장한평역(개찰구 내 B2 대합실),5:30,23:59,5:30,23:59,5:30,23:59,2,N,Y,서울특별시 동대문구청,02-2127-4259,2022-08-19
제기동역,서울특별시,동대문구,서울특별시 동대문구 왕산로 95(제기동),37.5783066,127.0339823,"제기동역(B1 5,6번 출구방향 매표소 옆)",5:30,23:59,5:30,23:59,5:30,23:59,2,N,Y,서울특별시 동대문구청,02-2127-4259,2022-08-19
청량리역,서울특별시,동대문구,서울특별시 동대문구 왕산로 214(청량리동),37.58419614,127.0511471,청량리역(경의중앙선3번출구 앞),0:00,23:59,0:00,23:59,0:00,23:59,2,N,Y,서울특별시 동대문구청,02-2127-4259,2022-08-19
회기역,서울특별시,동대문구,서울특별시 동대문구 회기로 195(휘경동),37.59021215,127.0576234,회기역(2번출구 앞),0:00,23:59,0:00,23:59,0:00,23:59,2,N,Y,서울특별시 동대문구청,02-2127-4259,2022-08-19
답십리1동주민센터,서울특별시,동대문구,서울특별시 동대문구 사가정로 30(답십리동),37.5718469,127.0512749,답십리1동주민센터 3층 도서관입구,9:00,18:00,0:00,0:00,0:00,0:00,2,N,Y,서울특별시 동대문구청,02-2127-4259,2022-08-19
휘경1동주민센터,서울특별시,동대문구,서울특별시 동대문구 외대역동로6길 3,37.59291476,127.065738,휘경1동주민센터 1층 입구,9:00,18:00,0:00,0:00,0:00,0:00,2,N,Y,서울특별시 동대문구청,02-2127-4259,2022-08-19
동문장애인복지관,서울특별시,동대문구,서울특별시 동대문구 장안벚꽃로7길 5(휘경동),37.58315217,127.0731933,동문장애인복지관(4층 복도),9:00,18:00,0:00,0:00,0:00,0:00,2,N,Y,서울특별시 동대문구청,02-2127-4259,2022-08-19
동대문장애인복지관,서울특별시,동대문구,서울특별시 동대문구 청계천로 521(용두동),37.57181346,127.0340474,동대문장애인복지관(정문),9:00,18:00,0:00,0:00,0:00,0:00,2,N,Y,서울특별시 동대문구청,02-2127-4259,2022-08-19
다사랑행복센터,서울특별시,동대문구,서울특별시 동대문구 청계천로 521(용두동),37.57181346,127.0340474,다사랑행복센터(4층),9:00,18:00,0:00,0:00,0:00,0:00,2,N,Y,서울특별시 동대문구청,02-2127-4259,2022-08-19
경희대학교,서울특별시,동대문구,서울특별시 동대문구 경희대로 26(회기동),37.59394914,127.054891,경희대학교(청운관 1층),9:00,17:30,0:00,0:00,0:00,0:00,2,N,Y,서울특별시 동대문구청,02-2127-4259,2022-08-19
가치이룸자립생활센터,서울특별시,동대문구,서울특별시 동대문구 한빛로 20(신설동),37.57737953,127.0254846,가치이룸자립생활센터(사무실 내),9:00,18:00,0:00,0:00,0:00,0:00,2,N,Y,서울특별시 동대문구청,02-2127-4259,2022-08-19
피노키오자립생활센터,서울특별시,동대문구,서울특별시 동대문구 제기로38길 42(청량리동),37.5844302,127.0492794,피노키오자립생활센터(＂),9:00,18:00,0:00,0:00,0:00,0:00,2,N,Y,서울특별시 동대문구청,02-2127-4259,2022-08-19
새날동대문장애인자립생활센터,서울특별시,동대문구,서울특별시 동대문구 장한로43(장안동),37.56510485,127.0667099,새날동대문장애인자립생활센터(＂),9:00,18:00,0:00,0:00,0:00,0:00,2,N,Y,서울특별시 동대문구청,02-2127-4259,2022-08-19
고려대역,서울특별시,동대문구,서울특별시 동대문구 고산자로 572(제기동),37.59039953,127.0367126,고려대역(개찰구 내),5:30,23:59,5:30,23:59,5:30,23:59,2,N,Y,서울특별시 동대문구청,02-2127-4259,2022-08-19
동대문구청,서울특별시,동대문구,서울특별시 동대문구 천호대로 145,37.57439172,127.0398966,동대문구청 1층 민원실 우리은행 옆,9:00,18:00,0:00,0:00,0:00,0:00,2,N,Y,서울특별시 동대문구청,02-2127-4259,2022-08-19
동문장애인복지관,서울특별시,동대문구,서울특별시 동대문구 장안벚꽃로7길 5(휘경동),37.58315217,127.0731933,동문장애인복지관(2층 복도),9:00,18:00,0:00,0:00,0:00,0:00,2,Y,N,서울특별시 동대문구청,02-2127-4259,2022-08-19
총신대학교,서울특별시,동작구,서울특별시 동작구 사당로 143,37.48792793,126.9667615,총신대학교 종합관 1층 로비 왼편,9:00,18:00,0:00,0:00,0:00,0:00,2,N,Y,총신대학교,02-3479-0543,2022-08-01
서울시립남부장애인종합복지관,서울특별시,동작구,서울특별시 동작구 여의대방로 20길 33,37.49538106,126.9189142,복지관 출입시 현관 왼쪽편에 설치,9:00,20:00,0:00,0:00,0:00,0:00,2,N,Y,서울시립남부장애인종합복지관,02-829-7112,2022-08-01
이대역,서울특별시,마포구,서울특별시 마포구 신촌로 180,37.5565093,126.9454858,이대역,6:00,0:00,6:00,0:00,0:00,0:00,2,N,N,이대역,02-6110-2411,2020-01-01
아현역,서울특별시,마포구,서울특별시 마포구 신촌로 270,37.5571213,126.9557107,아현역,6:00,0:00,6:00,0:00,0:00,0:00,2,N,N,아현역,02-6110-2421,2020-01-01
서대문장애인종합복지관,서울특별시,서대문구,서울특별시 서대문구 북아현로 24,37.55947096,126.9570364,서대문장애인종합복지관,9:00,20:00,9:00,17:00,0:00,0:00,2,N,N,서대문장애인종합복지관,02-3140-3000,2020-01-01
시립서대문농아인복지관,서울특별시,서대문구,서울특별시 서대문구 수색로4가길 23,37.57069615,126.9138002,시립서대문농아인복지관,9:00,19:00,0:00,0:00,0:00,0:00,2,N,N,시립서대문농아인복지관,02-3156-6699,2020-01-01
지체장애인협회,서울특별시,서대문구,서울특별시 서대문구 세검정로 78-19,37.59518733,126.9490245,지체장애인협회,9:00,18:00,0:00,0:00,0:00,0:00,2,N,N,지체장애인협회,02-379-0168,2020-01-01
충현동자치회관,서울특별시,서대문구,서울특별시 서대문구 경기대로 40,37.56293297,126.9623757,충현동자치회관,9:00,18:00,0:00,0:00,0:00,0:00,2,N,N,충현동자치회관,02-330-8101,2020-01-01
충현동주민센터,서울특별시,서대문구,서울특별시 서대문구 북아현로22길 38,37.56480697,126.9547199,충현동주민센터,9:00,18:00,0:00,0:00,0:00,0:00,2,N,N,충현동주민센터,02-330-8101,2020-01-01
신촌동주민센터,서울특별시,서대문구,서울특별시 서대문구 이화여대길 92-8,37.55954878,126.9435048,신촌동주민센터,9:00,18:00,0:00,0:00,0:00,0:00,2,N,N,신촌동주민센터,02-330-8111,2020-01-01
연희동주민센터,서울특별시,서대문구,서울특별시 서대문구 연희로 189,37.57388703,126.9352207,연희동주민센터,9:00,18:00,0:00,0:00,0:00,0:00,2,N,N,연희동주민센터,02-330-8115,2020-01-01
홍제1동주민센터,서울특별시,서대문구,서울특별시 서대문구 통일로 435-1,37.58770606,126.9448892,홍제1동주민센터,9:00,18:00,0:00,0:00,0:00,0:00,2,N,N,홍제1동주민센터,02-330-8121,2020-01-01
홍제2동주민센터,서울특별시,서대문구,서울특별시 서대문구 통일로34길 27,37.58610547,126.9493691,홍제2동주민센터,9:00,18:00,0:00,0:00,0:00,0:00,2,N,N,홍제2동주민센터,02-330-8127,2020-01-01
홍제3동주민센터,서울특별시,서대문구,서울특별시 서대문구 세검정로4길 32,37.59376657,126.9496911,홍제3동주민센터,9:00,18:00,0:00,0:00,0:00,0:00,2,N,N,홍제3동주민센터,02-330-8125,2020-01-01
홍은1동주민센터,서울특별시,서대문구,서울특별시 서대문구 홍은중앙로 85,37.59885299,126.9471453,홍은1동주민센터,9:00,18:00,0:00,0:00,0:00,0:00,2,N,N,홍은1동주민센터,02-330-8129,2020-01-01
홍은2동주민센터,서울특별시,서대문구,서울특별시 서대문구 모래내로 334,37.58010825,126.9341504,홍은2동주민센터,9:00,18:00,0:00,0:00,0:00,0:00,2,N,N,홍은2동주민센터,02-330-8134,2020-01-01
남가좌1동주민센터,서울특별시,서대문구,서울특별시 서대문구 모래내로 15길 37,37.57327487,126.9197797,남가좌1동주민센터,9:00,18:00,0:00,0:00,0:00,0:00,2,N,N,남가좌1동주민센터,02-330-8135,2020-01-01
남가좌2동주민센터,서울특별시,서대문구,서울특별시 서대문구 증가로10길 28,37.57843406,126.9238669,남가좌2동주민센터,9:00,18:00,0:00,0:00,0:00,0:00,2,N,N,남가좌2동주민센터,02-330-8137,2020-01-01
북가좌1동주민센터,서울특별시,서대문구,서울특별시 서대문구 수색로 100-55(북가좌동),37.57436849,126.9101369,북가좌1동주민센터,9:00,18:00,0:00,0:00,0:00,0:00,2,N,N,북가좌1동주민센터,02-330-8139,2020-01-01
북가좌2동주민센터,서울특별시,서대문구,서울특별시 서대문구 응암로1길 10(북가좌동),37.58149091,126.9111755,북가좌2동주민센터,9:00,18:00,0:00,0:00,0:00,0:00,2,N,N,북가좌2동주민센터,02-330-8141,2020-01-01
무악재역,서울특별시,서대문구,서울특별시 서대문구 통일로 358-1,37.5824248,126.9505791,무악재역,6:00,0:00,6:00,0:00,0:00,0:00,2,N,N,무악재역,02-6110-3251,2020-01-01
충정로역,서울특별시,서대문구,서울특별시 서대문구 서소문로 17,37.5598378,126.964474,충정로역,6:00,0:00,6:00,0:00,0:00,0:00,2,N,N,충정로역,02-6110-2431,2020-01-01
독립문역,서울특별시,서대문구,서울특별시 서대문구 통일로 247,37.57610554,126.9554446,독립문역,6:00,0:00,6:00,0:00,0:00,0:00,2,N,N,독립문역,02-6110-3261,2020-01-01
보건소,서울특별시,서대문구,서울특별시 서대문구 연희로 242,37.5786098,126.9362749,보건소,9:00,18:00,0:00,0:00,0:00,0:00,2,N,N,보건소,02-330-1801,2020-01-01
형무소1,서울특별시,서대문구,서울특별시 서대문구 통일로 251,37.57460851,126.9556118,형무소1,9:00,18:00,0:00,0:00,0:00,0:00,2,N,N,형무소1,02-3140-8305,2020-01-01
형무소2,서울특별시,서대문구,서울특별시 서대문구 통일로 251,37.57460851,126.9556118,형무소2,9:00,18:00,0:00,0:00,0:00,0:00,2,N,N,형무소2,02-3140-8305,2020-01-01
서울특별시 노원구 월계보건지소,서울특별시,서울특별시 노원구,서울특별시 노원구  월계로378,37.63145003,127.061595,서울특별시 노원구 월계보건지소,9:00,18:00,0:00,0:00,0:00,0:00,1,N,N,서울특별시 노원구 월계보건지소,02-2116-4585,2022-08-17
지체장애인협회 하계2동 분회,서울특별시,서울특별시 노원구,서울특별시 노원구  섬밭로 201,37.63388332,127.0659281,하계주공5단지 인근,9:00,18:00,0:00,0:00,0:00,0:00,2,Y,N,하계2동분회(지체장애인협회),02-952-9000,2022-08-17
불암산 순환산책로 중턱 쉼터,서울특별시,서울특별시 노원구,　,37.65505349,127.0827608,불암산 순환산책로 중턱,6:00,18:00,6:00,18:00,6:00,18:00,2,Y,N,서울특별시 노원구 장애인복지과,02-2116-3327,2022-08-17
중랑천 만남의 광장,서울특별시,서울특별시 노원구,　,37.63777418,127.059565,중랑천 만남의 광장,0:00,23:59,0:00,23:59,0:00,23:59,1,N,N,서울특별시 노원구 장애인복지과,02-2116-3327,2022-08-17
"서울특별시 노원구 청 1층, 서울특별시 노원구 장애인복지과 입구",서울특별시,서울특별시 노원구,서울특별시 노원구  노해로 437,37.65451904,127.0562972,"서울특별시 노원구 청 1층, 서울특별시 노원구 장애인복지과 입구",9:00,18:00,0:00,23:59,0:00,23:59,2,Y,Y,서울특별시 노원구청,02-2116-3327,2022-08-17
서울특별시 노원구 상계10동주민센터,서울특별시,서울특별시 노원구,서울특별시 노원구  노원로 530,37.66123795,127.0602496,서울특별시 노원구 상계10동주민센터,9:00,18:00,0:00,0:00,0:00,0:00,2,Y,Y,서울특별시 노원구 상계10동주민센터,02-2116-2960,2022-08-17
"서울특별시 노원구 상계3,4동주민센터",서울특별시,서울특별시 노원구,서울특별시 노원구  덕릉로 859,37.67291123,127.0832314,"서울특별시 노원구 상계3,4동주민센터",9:00,18:00,0:00,0:00,0:00,0:00,2,Y,Y,"서울특별시 노원구 상계3,4동주민센터",02-2116-2808,2022-08-17
서울특별시 노원구 상계1동주민센터,서울특별시,서울특별시 노원구,서울특별시 노원구  동일로 1697,37.67991633,127.0549605,서울특별시 노원구 상계1동주민센터,9:00,18:00,0:00,0:00,0:00,0:00,2,Y,Y,서울특별시 노원구 상계1동주민센터,02-2116-2757,2022-08-17
서울특별시 노원구 공릉2동주민센터,서울특별시,서울특별시 노원구,서울특별시 노원구  노원로1길 68,37.62122704,127.0833727,서울특별시 노원구 공릉2동주민센터,9:00,18:00,0:00,0:00,0:00,0:00,2,N,N,서울특별시 노원구 공릉2동 주민센터,02-2116-2526,2022-08-17
경춘선숲길공원 방문자센터 옆,서울특별시,서울특별시 노원구,서울특별시 노원구  동일로198가길 13,37.62980243,127.0726188,경춘선숲길공원 방문자센터 옆,5:00,20:00,5:00,20:00,5:00,20:00,2,Y,Y,서울특별시 노원구  서울특별시 노원구 장애인복지과,02-2116-3327,2022-08-17
태릉입구역(6) 지하1층 화장실 옆,서울특별시,서울특별시 노원구,서울특별시 노원구  화랑로 425,37.61756973,127.0746472,태릉입구역(6) 지하1층 화장실 옆,5:00,23:00,5:00,23:00,5:00,23:00,2,Y,Y,태릉입구역,02-6311-7171,2022-08-17
경춘선숲길공원 화랑대역사,서울특별시,서울특별시 노원구,　,37.62498284,127.0947438,경춘선숲길공원 화랑대역사,5:00,20:00,5:00,20:00,5:00,20:00,2,Y,Y,서울특별시 노원구  서울특별시 노원구 장애인복지과,02-2116-3327,2022-08-17
공릉역(7호선),서울특별시,서울특별시 노원구,서울특별시 노원구  동일로 지하 1074,37.62547692,127.0730052,공릉역 7호선,5:00,23:00,5:00,20:00,5:00,20:00,2,N,N,공릉역,02-6311-7161,2022-08-17
마들역(7호선),서울특별시,서울특별시 노원구,서울특별시 노원구  동일로 지하 1530-1,37.66508643,127.057639,마들역 7호선,5:00,23:00,5:00,20:00,5:00,20:00,2,N,Y,마들역,02-6311-7121,2022-08-17
수락산역(7호선),서울특별시,서울특별시 노원구,서울특별시 노원구  동일로 지하1662,37.67762594,127.055348,수락산역 7호선,5:00,23:00,5:00,20:00,5:00,20:00,2,Y,N,수락산역,02-6311-7111,2022-08-17
노원역(7호선),서울특별시,서울특별시 노원구,서울특별시 노원구  상계로 69-1(지하),37.65626778,127.0630304,노원역 7호선/ 4호선과 7호선 환승구간,5:00,23:00,5:00,20:00,5:00,20:00,2,Y,N,노원역,02-952-9000,2022-08-17
노원노인종합복지관,서울특별시,서울특별시 노원구,서울특별시 노원구  노원로16길 15,37.64344507,127.0733372,중계주공9단지 상가 옆,9:00,18:00,9:00,13:00,0:00,0:00,2,Y,N,노원노인종합복지관,02-2092-1725,2022-08-17
늘편한집,서울특별시,서울특별시 노원구,서울특별시 노원구  중계로 163,37.64983949,127.0807062,노원문화예술회관 옆,9:00,18:00,0:00,0:00,0:00,0:00,2,Y,N,늘편한집,02-933-5228,2022-08-17
수락산 순환산책로 제1데크쉼터,서울특별시,서울특별시 노원구,　,37.65505349,127.0827608,수락산 순환산책로 제1데크쉼터,6:00,18:00,6:00,18:00,6:00,18:00,2,N,N,서울특별시 노원구 장애인복지과,02-2116-3327,2022-08-17
장애인친화미용실,서울특별시,서울특별시 노원구,서울특별시 노원구  동일로243길 49,37.678524,127.0523658,장애인 친화미용실,10:00,19:00,0:00,0:00,0:00,0:00,1,N,N,서울특별시 노원구 장애인복지과,02-2116-3327,2022-08-17
월계문화복지센터,서울특별시,서울특별시 노원구,서울특별시 노원구  월계로 42길 9,37.62426476,127.0507921,월계문화복지센터,9:00,18:00,0:00,0:00,0:00,0:00,1,N,N,월계문화복지센터,02-909-3273,2022-08-17
"월계사슴아파트 106동옆, 월계3분회(지체장애인협회)",서울특별시,서울특별시 노원구,서울특별시 노원구  월계로55길 4,37.63193187,127.0609776,"월계사슴아파트 106동옆, 월계3분회(지체장애인협회)",9:00,18:00,0:00,0:00,0:00,0:00,2,N,N,월계3분회(지체장애인협회),02-975-0505,2022-08-17
"상계마들아파트 관리사무소 1층, 상계6동분회(지체장애인협회)",서울특별시,서울특별시 노원구,서울특별시 노원구  덕릉로70가길 101,37.64197556,127.0570245,"상계마들아파트 관리사무소 1층, 상계6동분회(지체장애인협회)",9:00,18:00,0:00,0:00,0:00,0:00,2,N,N,상계6동분회(지체장애인협회),02-0000-0000,2022-08-17
"상계뉴타운 프라자, 한국뇌성마비장애인협회 청우(1)",서울특별시,서울특별시 노원구,서울특별시 노원구  덕릉로 805,37.66882585,127.079787,"상계뉴타운 프라자, 한국뇌성마비장애인협회 청우",9:00,18:00,0:00,0:00,0:00,0:00,2,Y,Y,한국뇌성마비장애인협회 청우,02-932-8314,2022-08-17
"상계뉴타운 프라자, 한국뇌성마비장애인협회 청우(2)",서울특별시,서울특별시 노원구,서울특별시 노원구  덕릉로 805,37.66882585,127.079787,"상계뉴타운 프라자, 한국뇌성마비장애인협회 청우",9:00,18:00,0:00,0:00,0:00,0:00,2,Y,Y,한국뇌성마비장애인협회 청우,02-932-8314,2022-08-17
"중계주공1단지 103동옆, 중계1단지분회(지체장애인협회)",서울특별시,서울특별시 노원구,서울특별시 노원구  동일로210길 22,37.64690781,127.0652163,"중계주공1단지 103동옆, 중계1단지분회(지체장애인협회)",9:00,18:00,0:00,0:00,0:00,0:00,2,Y,Y,중계1단지분회(지체장애인협회),02-977-7015,2022-08-17
"라이프2단지 배드민턴장 안, 공릉1분회(지체장애인협회)",서울특별시,서울특별시 노원구,서울특별시 노원구  섬밭로 144,37.62992285,127.0689401,"라이프2단지 배드민턴장 안, 공릉1분회(지체장애인협회)",9:00,18:00,0:00,0:00,0:00,0:00,2,N,N,공릉1분회(지체장애인협회),02-948-4717,2022-08-17
노원역(7) 지하1층 4번출구 하단계단 바로 옆,서울특별시,서울특별시 노원구,서울특별시 노원구  상계로 69-1,37.65625283,127.0630304,노원역(7) 지하1층 4번출구 하단계단 바로 옆,5:00,23:00,5:00,23:00,5:00,23:00,2,Y,Y,북부장애인종합복지관,02-2092-1725,2022-08-17
하계역(7) 지하1층 2호기 엘리베이터 맞은편,서울특별시,서울특별시 노원구,서울특별시 노원구  한글비석로 55-2,37.63629922,127.068476,하계역(7) 지하1층 2호기 엘리베이터 맞은편,5:00,23:00,5:00,23:00,5:00,23:00,2,Y,Y,북부장애인종합복지관,02-2092-1725,2022-08-17
중계역(7) 지하2층 비상게이트 맞은편,서울특별시,서울특별시 노원구,서울특별시 노원구  동일로 1308,37.64597515,127.0641664,중계역(7) 지하2층 비상게이트 맞은편,5:00,23:00,5:00,23:00,5:00,23:00,2,Y,Y,북부장애인종합복지관,02-2092-1725,2022-08-17
디에스케어(수리업체),서울특별시,서울특별시 노원구,서울특별시 노원구  덕릉로115다길 40,37.66863592,127.0782058,디에스케어(수리업체),9:00,18:00,0:00,0:00,0:00,0:00,2,Y,Y,디에스케어(수리업체),02-952-5002,2022-08-17
불암산 순환산책로 첫번째 쉼터,서울특별시,서울특별시 노원구,서울특별시 노원구  한글비석로12길 37,37.65622302,127.080337,불암산 순환산책로 첫번째 쉼터,5:00,20:00,5:00,20:00,5:00,20:00,2,Y,Y,서울특별시 노원구  서울특별시 노원구 장애인복지과,02-2116-3327,2022-08-17
중계2.3동주민센터 입구,서울특별시,서울특별시 노원구,서울특별시 노원구  노원로17길 56,37.64212979,127.0687848,중계2.3동주민센터 입구,9:00,18:00,0:00,0:00,0:00,0:00,2,Y,Y,"서울특별시 노원구 중계2,3동 주민센터",02-2116-2675,2022-08-17
서울특별시 노원구 민의 전당 1층,서울특별시,서울특별시 노원구,서울특별시 노원구  동일로 1229,37.6389605,127.0663451,서울특별시 노원구 민의 전당 1층,9:00,18:00,9:00,18:00,0:00,0:00,2,Y,Y,노원서비스공단,02-2289-6847,2022-08-17
서울특별시 노원구 중계4동주민센터,서울특별시,서울특별시 노원구,서울특별시 노원구  덕릉로82길 50,37.65876366,127.0779171,서울특별시 노원구 중계4동주민센터,9:00,18:00,0:00,0:00,0:00,0:00,2,Y,Y,서울특별시 노원구 중계4동 주민센터,02-2116-2713,2022-08-17
중계본동주민센터,서울특별시,서울특별시 노원구,서울특별시 노원구  중계로 143,37.64788411,127.0802862,중계본동주민센터,9:00,18:00,0:00,0:00,0:00,0:00,2,Y,Y,중계본동 주민센터(12년도),02-2116-2163,2022-08-17
영축산 순환산책로 첫번째 쉼터,서울특별시,서울특별시 노원구,　,37.62332715,127.0552711,영축산 순환산책로 첫번째 쉼터,5:00,20:00,5:00,20:00,5:00,20:00,2,Y,Y,서울특별시 노원구  서울특별시 노원구 장애인복지과,02-2116-3327,2022-08-17
서울특별시 노원구 월계2동 주민센터,서울특별시,서울특별시 노원구,서울특별시 노원구  초안산로5길 28,37.63250969,127.0507887,서울특별시 노원구 월계2동 주민센터,9:00,18:00,0:00,0:00,0:00,0:00,2,Y,Y,서울특별시 노원구 월계2동 주민센터,02-2116-2439,2022-08-17
서울특별시립 북부장애인종합복지관(2),서울특별시,서울특별시 노원구,서울특별시 노원구  덕릉로70가길 92,37.64253762,127.0569196,서울특별시립 북부장애인종합복지관(2),9:00,18:00,0:00,0:00,0:00,0:00,2,Y,Y,북부장애인종합복지관,02-2092-1725,2022-08-17
서울특별시립 북부장애인종합복지관(1),서울특별시,서울특별시 노원구,서울특별시 노원구  덕릉로70가길 92,37.64253762,127.0569196,서울특별시립 북부장애인종합복지관(1),9:00,18:00,0:00,0:00,0:00,0:00,2,Y,Y,북부장애인종합복지관,02-2092-1725,2022-08-17
서울특별시립 뇌성마비복지관,서울특별시,서울특별시 노원구,서울특별시 노원구  덕릉로70가길 96,37.6424442,127.0565811,서울특별시립 뇌성마비복지관,9:00,18:00,0:00,0:00,0:00,0:00,2,Y,Y,서울시동북보조기기센터,02-932-4411,2022-08-17
성민복지관(3),서울특별시,서울특별시 노원구,서울특별시 노원구  노원로32길 30-3,37.65568696,127.069357,성민복지관(2),9:00,18:00,0:00,0:00,0:00,0:00,2,Y,Y,성민복지관,02-933-0132,2022-08-17
성민복지관(2),서울특별시,서울특별시 노원구,서울특별시 노원구  노원로32길 30-3,37.65568696,127.069357,성민복지관(2),9:00,18:00,0:00,0:00,0:00,0:00,2,Y,Y,성민복지관,02-933-0132,2022-08-17
성민복지관(1),서울특별시,서울특별시 노원구,서울특별시 노원구  노원로32길 30-3,37.65568696,127.069357,성민복지관(1),9:00,18:00,0:00,0:00,0:00,0:00,2,Y,Y,성민복지관,02-933-0132,2022-08-17
"동양메이저 상가, 노원장애인 자립생활센터 어울림",서울특별시,서울특별시 노원구,서울특별시 노원구  상계로5길 9,37.65699183,127.0638258,"동양메이저 상가, 노원장애인 자립생활센터 어울림",9:00,18:00,0:00,0:00,0:00,0:00,2,N,N,노원장애인 자립생활센터 어울림,02-930-8212,2022-08-17
서울특별시기능장애인협회 노원,서울특별시,서울특별시 노원구,서울특별시 노원구  한글비석로 178,37.64343847,127.0767737,서울특별시기능장애인협회 노원,9:00,16:00,0:00,0:00,0:00,0:00,2,Y,Y,서울기능장애인협회 노원,02-0000-0000,2022-08-17
"중계주공9단지 901동 상가옆, 하계1분회(지체장애인협회)",서울특별시,서울특별시 노원구,서울특별시 노원구  노원로16길 21,37.64212851,127.0736884,"중계주공9단지 901동 상가옆, 하계1분회(지체장애인협회)",9:00,18:00,0:00,0:00,0:00,0:00,2,Y,Y,하계1분회(지체장애인협회),02-948-8540,2022-08-17
평화종합사회복지관 2층,서울특별시,서울특별시 노원구,서울특별시 노원구  노원로 333,37.64663248,127.0697654,평화종합사회복지관 2층,9:00,18:00,0:00,0:00,0:00,0:00,2,Y,Y,평화종합사회복지관,02-949-0123,2022-08-17
평화종합사회복지관 1층,서울특별시,서울특별시 노원구,서울특별시 노원구  노원로 333,37.64663248,127.0697654,평화종합사회복지관 1층,9:00,18:00,0:00,0:00,0:00,0:00,2,Y,Y,평화종합사회복지관,02-949-0123,2022-08-17
노원교옆 고가도로 옆 (한울상인회),서울특별시,서울특별시 노원구,　,37.68015918,127.0516827,노원교옆 고가도로 옆 (한울상인회),8:00,19:00,9:00,19:00,0:00,0:00,2,Y,Y,한울상인회,02-0000-0000,2022-08-17
서울특별시 노원구 중계4동분회(지체장애인협회)  302동 옆 분회사무실,서울특별시,서울특별시 노원구,서울특별시 노원구  덕릉로 662,37.65609213,127.0749679,서울특별시 노원구 중계4동분회(지체장애인협회)  302동 옆 분회사무실,9:00,18:00,0:00,0:00,0:00,0:00,2,Y,Y,서울특별시 노원구 중계4동분회(지체장애인협회),02-0000-0000,2022-08-17
"월계주공1단지 104동~105동, 월계2분회(지체장애인협회)",서울특별시,서울특별시 노원구,서울특별시 노원구  초안산로1길 15,37.62729655,127.053318,"월계주공1단지 104동~105동, 월계2분회(지체장애인협회)",9:00,18:00,0:00,0:00,0:00,0:00,2,N,N,월계2분회(지체장애인협회),02-906-8587,2022-08-17
장애인지원센터 디딤돌(금호프라자 1층)(1),서울특별시,서울특별시 노원구,서울특별시 노원구  상계로5길 32,37.65711525,127.0628045,장애인지원센터 디딤돌(금호프라자 1층),9:00,18:00,0:00,0:00,0:00,0:00,2,Y,Y,지체장애인협회서울특별시 노원구 지회,02-952-9000,2022-08-17
장애인지원센터 디딤돌(금호프라자 1층)(2),서울특별시,서울특별시 노원구,서울특별시 노원구  상계로5길 32,37.65711525,127.0628045,장애인지원센터 디딤돌(금호프라자 1층),9:00,18:00,0:00,0:00,0:00,0:00,2,Y,Y,지체장애인협회서울특별시 노원구 지회,02-952-9000,2022-08-17
"희성프라자 613호, 지체장애인협회서울특별시 노원구 지회",서울특별시,서울특별시 노원구,서울특별시 노원구  월계로 370,37.63097668,127.0610256,"희성프라자 613호, 지체장애인협회서울특별시 노원구 지회",9:00,18:00,0:00,0:00,0:00,0:00,2,Y,Y,지체장애인협회서울특별시 노원구 지회,02-952-9000,2022-08-17
불암산스포츠타운 장애인론볼장,서울특별시,서울특별시 노원구,서울특별시 노원구 중계로 36,37.63876537,127.0832403,불암산스포츠타운 장애인론볼장,9:00,18:00,9:00,18:00,0:00,0:00,2,Y,Y,장애인체육회,02-935-9976,2022-08-17
중계롯데마트,서울특별시,서울특별시 노원구,서울특별시 노원구 노원로 330,37.64679053,127.0709409,중계롯데마트,10:00,22:00,10:00,22:00,10:00,22:00,2,Y,Y,롯데마트중계점,02-2092-2524,2022-08-17
삼육대학교 바울관 장애인학생휴게실,서울특별시,서울특별시 노원구,서울특별시 노원구 화랑로 815,37.64335737,127.1088503,삼육대학교 바울관 장애인학생휴게실,9:00,18:00,9:00,18:00,0:00,0:00,2,Y,Y,삼육대학교,02-3399-3238,2022-08-17
"현대종합상가 6층, 노원중증장애인 독립생활센터",서울특별시,서울특별시 노원구,서울특별시 노원구  한글비석로15길 48,37.65645942,127.0734582,"현대종합상가 6층, 노원중증장애인 독립생활센터",9:00,18:00,0:00,0:00,0:00,0:00,2,Y,Y,노원중증장애인 독립생활센터,02-933-6539,2022-08-17
서울특별시립 북부장애인종합복지관(3),서울특별시,서울특별시 노원구,서울특별시 노원구  덕릉로70가길 92,37.64253762,127.0569196,서울특별시립 북부장애인종합복지관(3),9:00,18:00,0:00,0:00,0:00,0:00,2,Y,Y,북부장애인종합복지관,02-2092-1725,2022-08-17
이수역 7호선,서울특별시,서초구,서울특별시 서초구 동작대로 118-2,37.48708183,126.982445,지하2층 대합실 개찰구와 계단 옆(개찰구 외),5:00,0:00,5:00,0:00,5:00,0:00,2,Y,Y,서울특별시 서초구 사회복지과,02-2155-6652,2022-09-23
내방역 7호선,서울특별시,서초구,서울특별시 서초구 서초대로 103,37.48900818,126.9927133,지하2층 대합실 기술지원반 입구 벽면(개찰구 내),5:00,0:00,5:00,0:00,5:00,0:00,2,Y,Y,서울특별시 서초구 사회복지과,02-2155-6652,2022-09-23
반포역 7호선,서울특별시,서초구,서울특별시 서초구 신반포로 241,37.50812639,127.011497,지하2층 대합실 자동사진기 옆(개찰구 외),5:00,0:00,5:00,0:00,5:00,0:00,2,Y,Y,서울특별시 서초구 사회복지과,02-2155-6652,2022-09-23
논현역 7호선,서울특별시,서초구,서울특별시 서초구 학동로 102,37.51079116,127.0199068,지하2층 대합실 개찰구 앞 기둥(개찰구 외),5:00,0:00,5:00,0:00,5:00,0:00,2,Y,Y,서울특별시 서초구 사회복지과,02-2155-6652,2022-09-23
고속터미널역 7호선,서울특별시,서초구,서울특별시 서초구 신반포로 186-2,37.50593859,127.0045659,지하2층 대합실 구호용품보관함 옆(개찰구 내),5:00,0:00,5:00,0:00,5:00,0:00,2,Y,Y,서울특별시 서초구 사회복지과,02-2155-6652,2022-09-23
고속터미널역 9호선,서울특별시,서초구,서울특별시 서초구 신반포로 179-3,37.50609682,127.0041087,"지하1층 8-1, 8-2 출구(개찰구 외)",5:00,0:00,5:00,0:00,5:00,0:00,2,Y,Y,서울특별시 서초구 사회복지과,02-2155-6652,2022-09-23
경부선 고속버스터미널,서울특별시,서초구,서울특별시 서초구 신반포로 194,37.50643574,127.0068344,17번 휠체어 탑승게이트,5:00,0:00,5:00,0:00,5:00,0:00,2,Y,Y,서울특별시 서초구 사회복지과,02-2155-6652,2022-09-23
센트럴시티 고속버스터미널,서울특별시,서초구,서울특별시 서초구 신반포로 176,37.50393518,127.002413,13번 휠체어 탑승게이트,5:00,0:00,5:00,0:00,5:00,0:00,2,Y,Y,서울특별시 서초구 사회복지과,02-2155-6652,2022-09-23
예술의전당,서울특별시,서초구,서울특별시 서초구 남부순환로 2406,37.4802402,127.0142152,지하1층 비타민스테이션 인포메이션 옆,9:00,18:00,9:00,18:00,9:00,18:00,2,Y,Y,서울특별시 서초구 사회복지과,02-2155-6652,2022-09-23
서초문화예술회관,서울특별시,서초구,서울특별시 서초구 강남대로 201,37.48182784,127.0359572,1층 축제사무국 옆,9:00,18:00,0:00,0:00,0:00,0:00,2,Y,Y,서울특별시 서초구 사회복지과,02-2155-6652,2022-09-23
서울성모병원,서울특별시,서초구,서울특별시 서초구 반포대로 222,37.50239362,127.0058606,별관 외부 자전거 주차장,8:00,19:00,8:00,13:00,8:00,13:00,2,Y,Y,서울특별시 서초구 사회복지과,02-2155-6652,2022-09-23
한우리보장구수리센터,서울특별시,서초구,서울특별시 서초구 남부순환로340길 15,37.48205213,127.0250125,GS편의점 뒷편 건물,9:00,18:00,0:00,0:00,0:00,0:00,2,Y,Y,서울특별시 서초구 사회복지과,02-2155-6652,2022-09-23
중앙노인종합복지관,서울특별시,서초구,서울특별시 서초구 서초대로54길 45,37.49232427,127.016811,스마트교육실 앞,9:00,18:00,0:00,0:00,0:00,0:00,2,Y,Y,서울특별시 서초구 사회복지과,02-2155-6652,2022-09-23
사랑의 복지관,서울특별시,서초구,서울특별시 서초구 강남대로65길 19,37.49983877,127.0239978,1층 로비,9:00,18:00,0:00,0:00,0:00,0:00,2,Y,Y,서울특별시 서초구 사회복지과,02-2155-6652,2022-09-23
우면종합사회복지관 별관,서울특별시,서초구,서울특별시 서초구 바우뫼로 43,37.47174219,127.0269012,3층 로비,9:00,18:00,0:00,0:00,0:00,0:00,2,Y,Y,서울특별시 서초구 사회복지과,02-2155-6652,2022-09-23
서초역 2호선,서울특별시,서초구,서울특별시 서초구 서초대로 233,37.491823,127.0075808,"지하1층 3,4번 출구 모래함 옆",5:00,0:00,5:00,0:00,5:00,0:00,2,Y,Y,서울특별시 서초구 사회복지과,02-2155-6652,2022-09-23
사당역 2호선,서울특별시,서초구,서울특별시 서초구 남부순환로2103-2,37.47665799,126.9825841,지하1층 14번출구 현금 인출기 옆(개찰구 외),5:00,0:00,5:00,0:00,5:00,0:00,2,Y,Y,서울특별시 서초구 사회복지과,02-2155-6652,2022-09-23
잠원역 3호선,서울특별시,서초구,서울특별시 서초구 잠원로4길 46,37.51279911,127.0112202,지하1층 4번출구 고객안내센터 옆(개찰구 외),5:00,0:00,5:00,0:00,5:00,0:00,2,Y,Y,서울특별시 서초구 사회복지과,02-2155-6652,2022-09-23
서초구청,서울특별시,서초구,서울특별시 서초구 남부순환로 2584,37.48362486,127.032683,1층 로비,9:00,18:00,0:00,0:00,0:00,0:00,2,Y,Y,서울특별시 서초구 사회복지과,02-2155-6652,2022-09-23
양재2동주민센터,서울특별시,서초구,서울특별시 서초구 강남대로12길 44,37.47064502,127.0412829,1층 민원실 입구,9:00,18:00,0:00,0:00,0:00,0:00,2,Y,Y,서울특별시 서초구 사회복지과,02-2155-6652,2022-09-23
내곡열린문화센터,서울특별시,서초구,서울특별시 서초구 청계산로15길 77,37.44935828,127.0583143,1층 로비,9:00,18:00,0:00,0:00,0:00,0:00,2,Y,Y,서울특별시 서초구 사회복지과,02-2155-6652,2022-09-23
성동구청,서울특별시,성동구,서울특별시 성동구 고산자로 270,37.56342359,127.0369664,성동구청1층,9:00,21:00,9:00,21:00,9:00,21:00,1,N,N,서울특별시 성동구,02-2286-5430,2022-08-25
성동구보건소,서울특별시,성동구,서울특별시 성동구 마장로23길 10,37.56707915,127.0332148,보건소후문 자전거보관소옆,9:00,18:00,0:00,0:00,0:00,0:00,1,N,N,서울특별시 성동구,02-2286-5430,2022-08-25
장애인생활회관,서울특별시,성동구,서울특별시 성동구 청계천로 516,37.57072971,127.0341582,1층 정문옆,9:00,17:30,0:00,0:00,0:00,0:00,1,N,N,서울특별시 성동구,02-2286-5430,2022-08-25
성동장애인종합복지관,서울특별시,성동구,서울특별시 성동구 청계천로 506,37.57022175,127.0334425,복지관1층바깥,9:00,17:30,0:00,0:00,0:00,0:00,1,N,N,서울특별시 성동구,02-2286-5430,2022-08-25
성동재활의원,서울특별시,성동구,서울특별시 성동구 뚝섬로1길 43 성수문화복지회관,37.545389,127.047088,입구 오른편 데스크쪽,9:00,18:00,0:00,0:00,0:00,0:00,1,N,N,서울특별시 성동구,02-2286-5430,2022-08-25
왕십리역,서울특별시,성동구,서울특별시 성동구 왕십리로 지상 2층,37.561268,127.038004,중앙선 출입구 옆,5:00,23:00,5:00,23:00,5:00,23:00,1,N,N,서울특별시 성동구,02-2286-5430,2022-08-25
성수이마트,서울특별시,성동구,서울특별시 성동구 뚝섬로 379,37.5399389,127.0534927,5층 소아과 옆,10:00,23:00,10:00,23:00,10:00,23:00,1,N,N,서울특별시 성동구,02-2286-5430,2022-08-25
마장동주민센터,서울특별시,성동구,서울특별시 성동구 마장로42길 11,37.56631825,127.0454072,입구계단 옆,9:00,18:00,0:00,0:00,0:00,0:00,1,N,N,서울특별시 성동구,02-2286-5430,2022-08-25
성수2가1동주민센터,서울특별시,성동구,서울특별시 성동구 뚝섬로 385-19,37.5395041,127.0540114,주민센터지하,9:00,18:00,0:00,0:00,0:00,0:00,1,N,N,서울특별시 성동구,02-2286-5430,2022-08-25
상왕십리역,서울특별시,성동구,서울특별시 성동구 왕십리로 지하 374,37.56446736,127.0290302,1-1번 출구 셔텨앞,5:00,23:00,5:00,23:00,5:00,23:00,1,N,Y,서울특별시 성동구,02-2286-5430,2022-08-25
마장역,서울특별시,성동구,서울특별시 성동구 마장로 296,37.56570296,127.0427582,"B2층 대합실, 화장실 위생자판기옆",5:00,23:00,5:00,23:00,5:00,23:00,1,N,Y,서울특별시 성동구,02-2286-5430,2022-08-25
신금호역,서울특별시,성동구,서울특별시 성동구 금호로 150-1,37.55442124,127.0204207,B1층 편의점 옆,5:00,23:00,5:00,23:00,5:00,23:00,1,N,Y,서울특별시 성동구,02-2286-5430,2022-08-25
왕십리도선동주민센터,서울특별시,성동구,서울특별시 성동구 마장로 141,37.56787393,127.0255271,1층 정문 외부,9:00,18:00,0:00,0:00,0:00,0:00,1,N,Y,서울특별시 성동구,02-2286-5430,2022-08-25
금호2-3가동주민센터,서울특별시,성동구,서울특별시 성동구 무수막18길 1,37.55323906,127.0209111,1층 정문 외부,6:00,22:00,0:00,0:00,0:00,0:00,1,N,Y,서울특별시 성동구,02-2286-5430,2022-08-25
독서당인문아카데미센터,서울특별시,성동구,서울특별시 성동구 금호로 30,37.54615986,127.0253043,1층 출입구,9:00,21:00,9:00,21:00,0:00,0:00,1,N,Y,서울특별시 성동구,02-2286-5430,2022-08-25
서울숲공원 관리사무소,서울특별시,성동구,서울특별시 성동구 뚝섬로 273,37.54307024,127.0417993,관리사무소 1층,0:00,23:59,0:00,23:59,0:00,23:59,1,N,Y,서울특별시 성동구,02-2286-5430,2022-08-25
서울숲공원 커뮤니티센터,서울특별시,성동구,서울특별시 성동구 뚝섬로 273,37.54307024,127.0417993,커뮤니티센터 1층,0:00,23:59,0:00,23:59,0:00,23:59,1,N,Y,서울특별시 성동구,02-2286-5430,2022-08-25
성북장애인복지관,서울특별시,성북구,서울특별시 성북구 화랑로130,37.6045987,127.0457199,"복지관 (지하1층, 1층 입구, 4층)",9:00,18:00,0:00,0:00,0:00,0:00,4,N,Y,성북장애인복지관,02-915-9200,2022-03-11
성북구청,서울특별시,성북구,서울특별시 성북구 보문로 168,37.5894563,127.0168496,1층 입구,9:00,18:00,0:00,0:00,0:00,0:00,2,N,Y,서울특별시 성북구청,02-2241-2517,2022-03-11
종암경찰서,서울특별시,성북구,서울특별시 성북구 종암로 135,37.602348,127.0322085,1층 입구,9:00,18:00,0:00,0:00,0:00,0:00,2,N,Y,종암경찰서,182,2022-03-11
한성대역,서울특별시,성북구,서울특별시 성북구 삼선교로 지하1,37.5883949,127.0059503,B1 고객안내센터 앞,6:30,23:00,6:30,23:00,6:30,23:00,2,N,Y,한성대역,02-6110-4191,2022-03-11
보문역,서울특별시,성북구,서울특별시 성북구 보문로 116,37.5855494,127.0194893,B2 6호선 대합실),6:30,23:00,6:30,23:00,6:30,23:00,2,N,Y,보문역,02-6311-6381,2022-03-11
돌곶이역,서울특별시,성북구,서울특별시 성북구 화랑로 지하243,37.6105507,127.0564252,B1 편의점 옆),6:30,23:00,6:30,23:00,6:30,23:00,2,N,Y,돌곶이역,02-6311-6431,2022-03-11
길음종합사회복지관,서울특별시,성북구,서울특별시 성북구 삼양로 8가길 32,37.6088147,127.02478,1층 입구,9:00,18:00,0:00,0:00,0:00,0:00,2,N,Y,길음종합사회복지관,02-985-0161,2022-03-11
성북구장애인단체연합회,서울특별시,성북구,서울특별시 성북구 오패산로3길 95,37.6072558,127.0339359,1층 입구,9:00,18:00,0:00,0:00,0:00,0:00,2,N,Y,성북구장애인단체연합회,02-912-5990,2022-03-11
성북장애인자립생활센터,서울특별시,성북구,서울특별시 성북구 보문로 134,37.5869755,127.0187924,2층,9:00,18:00,0:00,0:00,0:00,0:00,2,N,Y,성북장애인자립생활센터,02-921-7232,2022-03-11
성북장애인보장구수리센터,서울특별시,성북구,서울특별시 성북구 보문로 133,37.5867552,127.0184354,1층 입구,9:00,18:00,0:00,0:00,0:00,0:00,2,N,Y,성북장애인보장구수리센터,02-921-7230,2022-03-11
월곡종합사회복지관,서울특별시,성북구,서울특별시 성북구 오패산로 16길 23,37.6089105,127.0375129,1층 입구,9:00,18:00,0:00,0:00,0:00,0:00,2,N,Y,월곡종합사회복지관,02-911-5511,2022-03-11
성북구지체장애인협회,서울특별시,성북구,서울특별시 성북구 화랑로 13가길 100,37.6106463,127.0404131,1층 입구,9:00,18:00,0:00,0:00,0:00,0:00,2,N,Y,성북구지체장애인협회,02-914-2070,2022-03-11
월곡역,서울특별시,성북구,서울특별시 성북구 장월로 1길 91,37.6048926,127.0438114,B2 승강기 앞),6:30,23:00,6:30,23:00,6:30,23:00,2,N,Y,월곡역,02-6311-6411,2022-03-11
종합운동장역,서울특별시,송파구,서울특별시 송파구 올림픽로 23,37.510968,127.073356,9호선 종합운동장역 지하1층 9번 출구 고객안전실 앞,5:00,23:00,5:00,23:00,5:00,23:00,1,N,N,서울특별시 송파구,02-2147-5000,2020-02-18
잠실역,서울특별시,송파구,서울특별시 송파구 올림픽로 305,37.514978,127.104217,8호선 잠실역 고객안내센터 좌측 30M,5:00,23:00,5:00,23:00,5:00,23:00,1,N,N,서울특별시 송파구,02-2147-5000,2020-02-18
서울장애인자립생활센터,서울특별시,송파구,"서울특별시 송파구 오금로 507, 거여빌딩 6층",37.493235,127.14518,6층 열린공간,9:00,17:00,0:00,0:00,0:00,0:00,1,N,N,서울특별시 송파구,02-2147-5000,2020-02-18
송파구 보건지소,서울특별시,송파구,서울특별시 송파구 양산로 5,37.489771,127.142672,송파구 보건지소 1층 현관 로비,9:00,17:00,0:00,0:00,0:00,0:00,2,N,Y,서울특별시 송파구,02-2147-5000,2020-02-18
가락본동주민센터,서울특별시,송파구,서울특별시 송파구 송파대로 28길 39,37.495579,127.121763,가락본동주민센터 1층 민원대기실,9:00,17:00,0:00,0:00,0:00,0:00,2,N,Y,서울특별시 송파구,02-2147-5000,2020-02-18
석촌역,서울특별시,송파구,서울특별시 송파구 송파대로 지하 439,37.505948,127.106344,석촌역 지하 1층 화장실 옆,5:00,23:00,5:00,23:00,5:00,23:00,2,N,Y,서울특별시 송파구,02-2147-5000,2020-02-18
장지역,서울특별시,송파구,서울특별시 송파구 송파대로 지하 82,37.47812,127.126424,장지역 지하 1층 EV 4호기 앞,5:00,23:00,5:00,23:00,5:00,23:00,2,N,Y,서울특별시 송파구,02-2147-5000,2020-02-18
삼전역,서울특별시,송파구,서울특별시 송파구 백제고분로 지하 189,37.50432331,127.0880838,삼전역 지하 1층 역무창고 옆,5:00,23:00,5:00,23:00,5:00,23:00,2,N,Y,서울특별시 송파구,02-2147-5000,2020-02-18
석촌고분역,서울특별시,송파구,서울특별시 송파구 백제고분로 지하 274,37.502489,127.0968848,석촌고분역 지하 1층 EV 3호기 앞,5:00,23:00,5:00,23:00,5:00,23:00,2,N,Y,서울특별시 송파구,02-2147-5000,2020-02-18
석촌역,서울특별시,송파구,서울특별시 송파구 백제고분로 지하 368,37.5051,127.107117,석촌역 지하 1층 자동문 옆,5:00,23:00,5:00,23:00,5:00,23:00,2,N,Y,서울특별시 송파구,02-2147-5000,2020-02-18
송파나루역,서울특별시,송파구,서울특별시 송파구 백제고분로 지하 446,37.51035038,127.112232,송파나루역 지하 1층 민원발급기 옆,5:00,23:00,5:00,23:00,5:00,23:00,2,N,Y,서울특별시 송파구,02-2147-5000,2020-02-18
한성백제역,서울특별시,송파구,서울특별시 송파구 위례성대로 지하 29,37.5163401,127.116114,한성백제역 지하 1층 편의점 옆,5:00,23:00,5:00,23:00,5:00,23:00,2,N,Y,서울특별시 송파구,02-2147-5000,2020-02-18
올림픽공원역,서울특별시,송파구,서울특별시 송파구 양재대로 지하 1231,37.516887,127.130919,올림픽공원역 지하 1층 편의점 물품보관함 옆,5:00,23:00,5:00,23:00,5:00,23:00,2,N,Y,서울특별시 송파구,02-2147-5000,2020-02-18
인성장애인복지관,서울특별시,송파구,서울특별시 송파구 마천로61길 26?,37.493896,127.155182,인성장애인복지관 지하 1층 보조계단 앞,9:00,17:00,0:00,0:00,0:00,0:00,2,Y,Y,서울특별시 송파구,02-2147-5000,2020-02-18
송파구장애인운전교육원,서울특별시,송파구,서울특별시 송파구 삼학사로2길 49?,37.496666,127.100541,송파구장애인운전교육원 조립식건물 출입문 우측,9:00,17:00,0:00,0:00,0:00,0:00,2,N,Y,서울특별시 송파구,02-2147-5000,2020-02-18
서울지체장애인협회 송파구지회,서울특별시,송파구,서울특별시 송파구 문정로 170,37.493983,127.137841,서울지체장애인협회 송파구지회 조립식건물 출입문 좌측,9:00,17:00,0:00,0:00,0:00,0:00,2,N,Y,서울특별시 송파구,02-2147-5000,2020-02-18
송파노인종합복지관,서울특별시,송파구,서울특별시 송파구 백제고분로32길 41,37.498667,127.094894,"송파노인종합복지관 실외, 1층 출입구",0:00,24:00:00,0:00,24:00:00,0:00,24:00:00,2,Y,Y,서울특별시 송파구,02-2147-5000,2020-02-18
송파안전체험교육관,서울특별시,송파구,서울특별시 송파구 성내천로 35길 53,37.500386,127.158815,송파안전체험교육관 1층 로비,9:00,17:00,9:00,15:00,0:00,0:00,2,N,Y,서울특별시 송파구,02-2147-5000,2020-02-18
아산병원,서울특별시,송파구,서울특별시 송파구 올림픽로 43길 88,37.525158,127.109526,아산병원 동관 후문 옆,4:00,24:00:00,4:00,24:00:00,4:00,24:00:00,2,N,Y,서울특별시 송파구,02-2147-5000,2020-02-18
몽촌토성역,서울특별시,송파구,서울특별시 송파구 올림픽로 383,37.517623,127.112428,몽촌토성역 지하 2층 고객상담실 옆,5:00,23:00,5:00,23:00,5:00,23:00,1,N,N,서울특별시 송파구,02-2147-5000,2020-02-18
올림픽공원역,서울특별시,송파구,서울특별시 송파구 양재대로 1233,37.516087,127.130601,5호선 올림픽공원역 지하1층 아이센터 옆,5:00,23:00,5:00,23:00,5:00,23:00,1,N,N,서울특별시 송파구,02-2147-5000,2020-02-18
마천역,서울특별시,송파구,서울특별시 송파구 마천로57길 7,37.494639,127.152027,마천역 지하 2층 편의점 옆,5:00,23:00,5:00,23:00,5:00,23:00,1,N,N,서울특별시 송파구,02-2147-5000,2020-02-18
가락시장역,서울특별시,송파구,서울특별시 송파구 송파대로 257,37.492742,127.118484,3호선 가락시장역 고객안내센터 옆,5:00,23:00,5:00,23:00,5:00,23:00,1,N,N,서울특별시 송파구,02-2147-5000,2020-02-18
복정역,서울특별시,송파구,서울특별시 송파구 송파대로 6,37.471055,127.12677,복정역 지하 1층 화장실입구 옆,5:00,23:00,5:00,23:00,5:00,23:00,1,N,N,서울특별시 송파구,02-2147-5000,2020-02-18
송파구청,서울특별시,송파구,서울특별시 송파구 올림픽로 326,37.514476,127.105859,송파구청 1층 종합상황실 옆,9:00,22:00,9:00,22:00,9:00,22:00,2,N,Y,서울특별시 송파구,02-2147-5000,2020-02-18
방이복지관,서울특별시,송파구,서울특별시 송파구 오금로11길 68,37.514644,127.114189,방이복지관 4층,9:00,17:00,0:00,0:00,0:00,0:00,1,N,N,서울특별시 송파구,02-2147-5000,2020-02-18
서서울어르신복지관,서울특별시,양천구,서울특별시 양천구 가로공원로60가길 16(신월동),37.53426132,126.8266346,서서울어르신복지관(외부 설치),9:00,18:00,0:00,0:00,0:00,0:00,2,Y,N,서울특별시 양천구 서서울어르신복지관,02-2608-4042,2022-04-12
신정종합사회복지관,서울특별시,양천구,서울특별시 양천구 신정중앙로 36(신정동),37.52730285,126.8555308,신정종합사회복지관(외부 설치),8:30,20:00,9:00,16:00,0:00,0:00,1,N,N,서울특별시 양천구 신정종합사회복지관,02-2603-1792,2022-04-12
신월6동 주민센터,서울특별시,양천구,서울특별시 양천구 남부순환로83길 54(신월동),37.525802,126.844907,신월6동주민센터(외부),9:00,18:00,0:00,0:00,0:00,0:00,2,Y,Y,서울특별시 양천구 신월6동 주민센터,02-2620-4158,2022-04-12
지체장애연협회 양천구지회,서울특별시,양천구,서울특별시 양천구 가로공원로 101(신월동),37.53593022,126.827237,서울특별시지체장애인협회 양천구지회(신월누리복지센터 3층 내부),9:00,18:00,0:00,0:00,0:00,0:00,2,N,N,서울특별시 양천구 지체장애연협회 양천구지회,02-2698-5887,2022-04-12
사람사랑양천자립생활센터,서울특별시,양천구,서울특별시시 양천구 신정로 267(신정동),37.51221979,126.8506681,사람사랑양천자립생활센터(센터 내부),9:00,18:00,0:00,0:00,0:00,0:00,2,N,N,서울특별시 양천구 사람사랑양천자립생활센터,070-7834-0557,2022-04-12
양천어르신종합복지관,서울특별시,양천구,서울특별시 양천구 목동로3길 106(신정동),37.51044253,126.8586279,양천어르신종합복지관(외부 설치),9:00,18:00,0:00,0:00,0:00,0:00,2,Y,N,서울특별시 양천구 양천어르신종합복지관,02-2649-8815,2022-04-12
신월3동 주민센터,서울특별시,양천구,서울특별시 양천구 남부순환로 54길 5(신월동),37.53363175,126.8290822,신월3동 주민센터(지하1층 주차장),9:00,18:00,0:00,0:00,0:00,0:00,2,Y,Y,서울특별시 양천구 신월3동 주민센터,02-2620-4104,2022-04-12
신정3동 넓은들민원센터,서울특별시,양천구,서울특별시 양천구 남부순환로88길 5-7(신정동),37.51143336,126.841513,신정3동 넓은들 민원센터(센터 내부),9:00,18:00,0:00,0:00,0:00,0:00,2,Y,Y,서울특별시 양천구 신정3동 넓은들민원센터,02-2620-5403,2022-04-12
목5동 주민센터,서울특별시,양천구,서울특별시 양천구 목동서로 41(목동),37.53718334,126.8817165,목5동 주민센터(1층 내부),9:00,18:00,0:00,0:00,0:00,0:00,2,Y,Y,서울특별시 양천구 목5동 주민센터,02-2620-4033,2022-04-12
신월보건지소,서울특별시,양천구,서울특별시 양천구 남부순환로 407(신월동),37.53133706,126.8318233,신월 보건지소(내부 2층),9:00,18:00,0:00,0:00,0:00,0:00,2,Y,Y,서울특별시 양천구 신월보건지소,02-2620-4751,2022-04-12
목동종합사회복지관,서울특별시,양천구,서울특별시 양천구 목동중앙북로8길 104(목동),37.54424009,126.8663764,목동종합사회복지관(1층 내부),9:00,18:00,10:00,15:00,0:00,0:00,2,N,N,서울특별시 양천구 목동종합사회복지관,02-2651-2332,2022-04-12
신목종합사회복지관,서울특별시,양천구,서울특별시 양천구 신목로 5(신정동),37.51722556,126.8764675,신목종합사회복지관(본관 1층 로비),10:00,17:00,10:00,15:00,0:00,0:00,2,N,N,서울특별시 양천구 신목종합사회복지관,02-2223-8802,2022-04-12
해누리복지관,서울특별시,양천구,서울특별시 양천구 목동동로 159(신정동),37.51989008,126.8699093,해누리복지관(지하2층 수중활동실 앞),9:00,18:00,9:00,16:00,0:00,0:00,2,N,N,서울특별시 양천구 해누리복지관,02-2061-2500,2022-04-12
신정1동 주민센터,서울특별시,양천구,서울특별시 양천구 중앙로 32길 1(신정동),37.51857188,126.8542861,신정1동 주민센터(1층 내부),9:00,18:00,0:00,0:00,0:00,0:00,2,Y,Y,서울특별시 양천구 신정1동 주민센터,02-2620-4201,2022-04-12
영등포구,서울특별시,영등포구,서울특별시 영등포구 신길로42길 1,37.508409,126.911286,신길4동주민센터,9:00,18:00,0:00,0:00,0:00,0:00,2,Y,Y,서울특별시 영등포구,02-2670-7690,2022-05-11
영등포구,서울특별시,영등포구,서울특별시 영등포구 도신로33길 4,37.509955,126.908026,도림동 자치회관,9:00,18:00,0:00,0:00,0:00,0:00,2,Y,Y,서울특별시 영등포구,02-2670-7283,2022-05-11
영등포구,서울특별시,영등포구,서울특별시 영등포구 문래로28길 15,37.51710975,126.8995233,문래동주민센터 입구 안쪽,9:00,18:00,0:00,0:00,0:00,0:00,2,Y,Y,서울특별시 영등포구,02-2670-7338,2022-05-11
영등포구,서울특별시,영등포구,서울특별시 영등포구 디지털로 441,37.49545723,126.905842,대림1동주민센터 입구 안쪽,9:00,18:00,0:00,0:00,0:00,0:00,2,Y,Y,서울특별시 영등포구,02-2670-7884,2022-05-11
영등포구,서울특별시,영등포구,서울특별시 영등포구 영등포로11길 12,37.523646,126.888228,양평1동주민센터 입구 안쪽,9:00,18:00,0:00,0:00,0:00,0:00,2,Y,Y,서울특별시 영등포구,02-3457-7383,2022-05-11
영등포구,서울특별시,영등포구,서울특별시 영등포구 대방천로 169,37.499333,126.909836,신길6동주민센터 입구 안쪽,9:00,18:00,0:00,0:00,0:00,0:00,2,Y,Y,서울특별시 영등포구,02-2670-7785,2022-05-11
영등포구,서울특별시,영등포구,서울특별시 영등포구 여의대방로43길 10,37.50639203,126.9215141,신길7동주민센터입구 안쪽,9:00,18:00,0:00,0:00,0:00,0:00,2,Y,Y,서울특별시 영등포구,02-3457-1373,2022-05-11
영등포구,서울특별시,영등포구,서울특별시 영등포구 도신로27,37.504318,126.8960774,대림정보문화도서관 1층 로비,9:00,18:00,9:00,17:00,0:00,0:00,2,Y,Y,서울특별시 영등포구,02-828-3702,2022-05-11
영등포구,서울특별시,영등포구,서울특별시 영등포구 문래로20길 49,37.51680639,126.8908946,문래정보문화도서관 1층 로비,9:00,18:00,9:00,17:00,0:00,0:00,2,Y,Y,서울특별시 영등포구,02-2629-8605,2022-05-11
영등포구,서울특별시,영등포구,서울특별시 영등포구 선유로 43가길 10-8,37.533331,126.892916,선유정보문화도서관 1층 로비,9:00,18:00,9:00,17:00,0:00,0:00,2,Y,Y,서울특별시 영등포구,02-2163-0800,2022-05-11
영등포구,서울특별시,영등포구,서울특별시 영등포구 여의대로 24,37.52216363,126.9199166,여의도디지털도서관 1층 로비,9:00,18:00,9:00,17:00,0:00,0:00,2,Y,Y,서울특별시 영등포구,02-2629-2222,2022-05-11
영등포구,서울특별시,영등포구,서울특별시 영등포구 경인로114가길 9,37.51770759,126.9151695,신길역 환승엘리베이터 앞,6:00,22:00,6:00,22:00,6:00,22:00,2,Y,Y,서울특별시 영등포구,02-2639-3553,2022-05-11
영등포구,서울특별시,영등포구,서울특별시 영등포구 도림로 137,37.49283041,126.8969595,대림역 b1층 화장실 옆,6:00,22:00,6:00,22:00,6:00,22:00,2,Y,Y,서울특별시 영등포구,02-6311-7441,2022-05-11
영등포구,서울특별시,영등포구,서울특별시 영등포구 경인로 846,37.51566803,126.907666,영등포역 기차역 인포메이션 옆,6:00,22:00,6:00,22:00,6:00,22:00,2,Y,Y,서울특별시 영등포구,02-1544-7788,2022-05-11
영등포구,서울특별시,영등포구,서울특별시 영등포구 신길로61길 17 (영등포동),37.514648,126.909337,영등포본동 주민센터,9:00,18:00,0:00,0:00,0:00,0:00,2,Y,Y,서울특별시 영등포구,02-2670-1034,2022-05-11
영등포구,서울특별시,영등포구,서울특별시 영등포구 도영로7길 10,37.5094934,126.8959996,도림동주민센터 입구 안쪽,9:00,18:00,0:00,0:00,0:00,0:00,2,Y,Y,서울특별시 영등포구,02-2670-7287,2022-05-11
영등포구,서울특별시,영등포구,서울특별시 영등포구 신길로55(신길동),37.49759583,126.90799,장애인사랑나눔의 집 정문 입구 왼쪽,9:00,18:00,0:00,0:00,0:00,0:00,2,Y,Y,서울특별시 영등포구,02-846-0042,2022-05-11
영등포구,서울특별시,영등포구,서울특별시 영등포구 버드나루로22(영등포동2가),37.52085827,126.9129017,영등포장애인복지관 정문 입구,9:00,18:00,0:00,0:00,0:00,0:00,2,Y,Y,서울특별시 영등포구,02-3667-7979,2022-05-11
영등포구,서울특별시,영등포구,서울특별시 영등포구 도림로482(문래동3가),37.51685634,126.8905583,영등포노인종합복지관 입구 안쪽,9:00,18:00,0:00,0:00,0:00,0:00,2,Y,Y,서울특별시 영등포구,02-2068-0075,2022-05-11
영등포구,서울특별시,영등포구,서울특별시 영등포구 당산로123(당산동3가),37.525964,126.8963671,영등포구청 보건소 민원실 1층,9:00,18:00,0:00,0:00,0:00,0:00,2,Y,Y,서울특별시 영등포구,02-2670-3114,2022-05-11
영등포구,서울특별시,영등포구,서울특별시 영등포구 영등포로53길 22(영등포동2가),37.520349,126.910671,영등포동 주민센터 입구 안쪽,9:00,18:00,0:00,0:00,0:00,0:00,2,Y,Y,서울특별시 영등포구,02-2670-1034,2022-05-11
영등포구,서울특별시,영등포구,서울특별시 영등포구 영등포로84길24-5(신길동),37.511118,126.921465,신길1동 주민센터 입구 안쪽,9:00,18:00,0:00,0:00,0:00,0:00,2,Y,Y,서울특별시 영등포구,02-2670-1259,2022-05-11
영등포구,서울특별시,영등포구,서울특별시 영등포구 대림로197(대림동),37.498315,126.898022,대림3동 주민센터 입구 안쪽,9:00,18:00,0:00,0:00,0:00,0:00,2,Y,Y,서울특별시 영등포구,02-2670-1424,2022-05-11
영등포구,서울특별시,영등포구,"서울특별시 영등포구 도신로183(신길동, 태광빌딩)",37.511149,126.911518,푸드마켓 1호점 입구 안쪽,9:00,18:00,0:00,0:00,0:00,0:00,2,Y,Y,서울특별시 영등포구,02-843-1377,2022-05-11
영등포구,서울특별시,영등포구,"서울특별시 영등포구 버드나루로22길 5(당산동, 강변한솔그라지아)",37.530917,126.907597,푸드마켓 2호점 입구 안쪽,9:00,18:00,0:00,0:00,0:00,0:00,2,Y,Y,서울특별시 영등포구,02-2632-1377,2022-05-11
영등포구,서울특별시,영등포구,서울특별시 영등포구 디지털로441(대림동),37.49545723,126.905842,보건소 분소(대림1동주민센터) 입구 안쪽,9:00,18:00,0:00,0:00,0:00,0:00,2,Y,Y,서울특별시 영등포구,02-2670-4858,2022-05-11
영등포구,서울특별시,영등포구,서울특별시 영등포구 대림로23길25(대림동),37.49273981,126.898252,대림2동 주민센터 입구 안쪽,9:00,18:00,0:00,0:00,0:00,0:00,2,Y,Y,서울특별시 영등포구,02-2670-1419,2022-05-11
영등포구,서울특별시,영등포구,서울특별시 영등포구 당산로29길 9(당산동3가),37.52598149,126.8939756,치매지원센터 입구 안쪽,9:00,18:00,0:00,0:00,0:00,0:00,2,Y,Y,서울특별시 영등포구,02-831-0855,2022-05-11
영등포구,서울특별시,영등포구,서울특별시 영등포구 국제금융로 124,37.517642,126.934614,여의동주민센터 입구 안쪽,9:00,18:00,0:00,0:00,0:00,0:00,2,Y,Y,서울특별시 영등포구,02-2670-7125,2022-05-11
영등포구,서울특별시,영등포구,서울특별시 영등포구 양산로23길 11,37.52516442,126.8974018,당산1동주민센터 1층 안쪽,9:00,18:00,0:00,0:00,0:00,0:00,2,Y,Y,서울특별시 영등포구,02-3457-1120,2022-05-11
영등포구,서울특별시,영등포구,서울특별시 영등포구 당산로41가길 7,37.53101151,126.897349,당산2동주민센터 입구 안쪽,9:00,18:00,0:00,0:00,0:00,0:00,2,Y,Y,서울특별시 영등포구,02-2670-7233,2022-05-11
서빙고역,서울특별시,용산구,서울특별시 용산구 서빙고로 238,37.51995392,126.9900486,2층 서빙고역 맞이방 통로,6:00,23:30,6:00,23:30,6:00,23:30,2,N,Y,서빙고역,1544-7788,2022-08-27
한남역,서울특별시,용산구,서울특별시 용산구 독서당로6길 12-13,37.52918752,127.0082497,1층 한남역 맞이방,6:00,23:30,6:00,23:30,6:00,23:30,2,N,Y,한남역,1544-7788,2022-08-27
삼각지역,서울특별시,용산구,서울특별시 용산구 한강대로 180,37.5344034,126.9733574,지하1층 나 대합실 옆,6:00,23:30,6:00,23:30,6:00,23:30,2,N,Y,삼각지역,02-6110-4281,2022-08-27
숙대입구역,서울특별시,용산구,서울특별시 용산구 한강대로 306,37.54549626,126.9722388,지하1층 대합실 만남의장소,6:00,23:30,6:00,23:30,6:00,23:30,2,N,Y,숙대입구역,02-6110-4271,2022-08-27
한벗장애인주간보호시설,서울특별시,용산구,서울특별시 용산구 효창원로69길 24-3,37.5427916,126.9579499,시설 2층,9:00,18:00,0:00,0:00,0:00,0:00,2,Y,Y,한벗장애인주간보호시설,02-713-5050,2022-08-27
용산행복장애인자립생활센터,서울특별시,용산구,서울특별시 용산구 원효로89길 31,37.54074494,126.9673582,센터 1층,9:00,18:00,0:00,0:00,0:00,0:00,2,Y,Y,용산행복장애인자립생활센터,02-704-0420,2022-08-27
국립중앙박물관,서울특별시,용산구,서울특별시 용산구 서빙고로 137,37.52470233,126.9777412,1층 상설전시관 물품보관소 옆,10:00,18:00,10:00,18:00,10:00,18:00,2,N,Y,국립중앙박물관,02-2077-9000,2022-08-27
한강로동 주민센터,서울특별시,용산구,서울특별시 용산구 한강대로38길 28,37.52814224,126.9692281,한강로동 주민센터 1층,9:00,18:00,0:00,0:00,0:00,0:00,2,N,Y,한강로동주민센터,02-2199-8560,2022-08-27
서울역,서울특별시,용산구,서울특별시 용산구 한강대로 405,37.55483769,126.9717341,2층 맞이방,6:00,23:30,6:00,23:30,6:00,23:30,2,N,Y,서울역,1544-7788,2022-08-27
서울특별시 용산역,서울특별시,용산구,서울특별시 용산구 한강대로 23길 55,37.5297736,126.9647427,3층 1호선 출구,6:00,23:30,6:00,23:30,6:00,23:30,2,N,Y,용산역,1544-7788,2022-08-27
남영역,서울특별시,용산구,서울특별시 용산구 한강대로 77길 25,37.54056577,126.9713321,1층 남영역 맞이방,6:00,23:30,6:00,23:30,6:00,23:30,2,N,Y,남영역,1544-7788,2022-08-27
효창공원앞역(경의중앙선),서울특별시,용산구,서울특별시 용산구 백범로 지하 287,37.53933395,126.9613166,지하 1층 효창공원역 맞이방,6:00,23:30,6:00,23:30,6:00,23:30,2,N,Y,효창공원역,02-2199-7100,2022-08-27
이촌역(경의중앙선),서울특별시,용산구,서울특별시 용산구 서빙고 83,37.5224803,126.9716268,지하 1층 이촌역 맞이방,6:00,23:30,6:00,23:30,6:00,23:30,2,N,Y,이촌역,1544-7788,2022-08-27
구립용산장애인복지관,서울특별시,용산구,서울특별시 용산구 효창원로93길 49,37.54730608,126.9615705,구립용산장애인복지관,9:00,20:00,9:00,16:00,0:00,0:00,1,Y,N,구립용산장애인복지관,02-707-1970,2022-08-27
용산구청,서울특별시,용산구,서울특별시 용산구 녹사평대로 150,37.53245265,126.9904783,용산구청 2층 민원실,9:00,18:00,0:00,0:00,0:00,0:00,2,Y,N,서울특별시 용산구청,02-2199-7100,2022-08-27
용산구 장애인 커뮤니티센터,서울특별시,용산구,서울특별시 용산구 서빙고로 245,37.52049821,126.9911132,센터 1층,9:00,18:00,0:00,0:00,0:00,0:00,2,N,Y,서울특별시 용산구청,02-2199-7100,2022-08-27
응암1동 주민센터,서울특별시,은평구,서울특별시 은평구 백련산로 179,37.60067843,126.9267516,응암1동주민센터 정문,9:00,18:00,0:00,0:00,0:00,0:00,2,N,N,서울특별시 은평구 응암1동주민센터,02-3159-4676,2021-09-01
수색동 주민센터,서울특별시,은평구,서울특별시 은평구 수색로 280,37.58351509,126.8936768,주민센터1층 민원실,9:00,18:00,0:00,0:00,0:00,0:00,2,N,N,수색동주민센터,02-351-5443,2021-09-01
서부장애인종합복지관,서울특별시,은평구,서울특별시 은평구 갈현로11길 30,37.60587219,126.9068521,복지관 정문 입구,9:00,18:00,9:00,17:00,0:00,0:00,2,N,N,서부장애인종합복지관,02-351-3982,2021-09-01
은평구 장애인 이동기기 수리센터,서울특별시,은평구,서울특별시 은평구 서오릉로 19,37.60291193,126.9256437,소형.휴대용,9:00,18:00,0:00,0:00,0:00,0:00,1,N,N,은평장애인자립생활센터,02-374-0818,2021-09-01
(사)서울시지체장애인협회 은평구지회,서울특별시,은평구,서울특별시 은평구 가좌로 276-9,37.59385114,126.9132272,출입구 오른편,9:00,18:00,0:00,0:00,0:00,0:00,2,N,Y,서울시지체장애인협회 은평구지회,02-376-1703,2021-09-01
증산역,서울특별시,은평구,서울특별시 은평구 증산로 306,37.58421654,126.9100346,여직원휴게실 옆 B1층 대합실,0:00,0:00,0:00,0:00,0:00,0:00,2,N,Y,해당기관,02-6311-6171,2021-09-01
새절역,서울특별시,은평구,서울특별시 은평구 증산로 400,37.59184178,126.9138891,대합실 아이센터 옆,0:00,0:00,0:00,0:00,0:00,0:00,2,N,Y,해당기관,02-6311-6161,2021-09-01
응암역,서울특별시,은평구,서울특별시 은평구 증산로 477 지하철6호선응암역사,37.59875465,126.9154879,B1층 엘리베이터 우측 전실 앞,0:00,0:00,0:00,0:00,0:00,0:00,2,N,Y,해당기관,02-6311-6101,2021-09-01
역촌역,서울특별시,은평구,서울특별시 은평구 서오릉로 63,37.60604524,126.9229823,B1층 4번출구와 엘리베이터2호기 사이,0:00,0:00,0:00,0:00,0:00,0:00,2,N,Y,해당기관,02-6311-6111,2021-09-01
연신내역,서울특별시,은평구,서울특별시 은평구 통일로 849,37.61896756,126.9211781,대합실 공공전화박스 옆,0:00,0:00,0:00,0:00,0:00,0:00,2,N,Y,해당기관,02-6110-3211,2021-09-01
독바위역,서울특별시,은평구,서울특별시 은평구 불광로 129-1,37.61840901,126.9328282,B1층 엘리베이터 옆,0:00,0:00,0:00,0:00,0:00,0:00,2,N,Y,해당기관,02-6311-6131,2021-09-01
불광역,서울특별시,은평구,서울특별시 은평구 통일로 723-1,37.61035033,126.9299735,고객서비스센터 앞,0:00,0:00,0:00,0:00,0:00,0:00,2,N,Y,해당기관,02-6110-3221,2021-09-01
갈현1동주민센터,서울특별시,은평구,서울특별시 은평구 갈현로 301,37.62368713,126.9166872,1층 주차장 내부,9:00,18:00,0:00,0:00,0:00,0:00,2,N,Y,해당기관,02-351-5092,2021-09-01
불광2동주민센터,서울특별시,은평구,서울특별시 은평구 연서로 41길 16,37.62641903,126.9272781,민원실,9:00,18:00,0:00,0:00,0:00,0:00,2,N,Y,해당기관,02-351-5062,2021-09-01
응암2동주민센터,서울특별시,은평구,서울특별시 은평구 백련산로 100,37.5945823,126.9230698,북카페 내부,9:00,18:00,0:00,0:00,0:00,0:00,2,N,Y,해당기관,02-351-5242,2021-09-01
대조동주민센터,서울특별시,은평구,서울특별시 은평구 연서로20길 24-3,37.61414879,126.9208026,민원실,9:00,18:00,0:00,0:00,0:00,0:00,2,N,Y,해당기관,02-351-5182,2021-09-01
구산동주민센터,서울특별시,은평구,서울특별시 은평구 갈현로17길 10,37.61172563,126.9103535,1층 민원실 외부,9:00,18:00,0:00,0:00,0:00,0:00,2,N,Y,해당기관,02-351-5152,2021-09-01
역촌동주민센터,서울특별시,은평구,서울특별시 은평구 연서로 59,37.60440124,126.9151783,1층 입구,9:00,18:00,0:00,0:00,0:00,0:00,2,N,Y,해당기관,02-351-5302,2021-09-01
은평노인종합복지관,서울특별시,은평구,서울특별시 은평구 연서로 415,37.63225153,126.9299824,1층 입구,9:00,18:00,0:00,0:00,0:00,0:00,2,N,Y,해당기관,02-385-1351,2021-09-01
은평재활원,서울특별시,은평구,서울특별시 은평구 갈현로 11길 30,37.60564519,126.9063428,1층 입구 외부,9:00,18:00,0:00,0:00,0:00,0:00,2,N,Y,해당기관,02-385-2046,2021-09-01
은평구청,서울특별시,은평구,서울특별시 은평구 은평로 195,37.60245422,126.9288212,은평구의회 1층,9:00,18:00,0:00,0:00,0:00,0:00,2,N,Y,은평구청,02-351-7313,2021-09-01
전동휠체어급속충전기,서울특별시,종로구,서울특별시 종로구 종로17길 8,37.57071251,126.9889587,3층,9:00,18:00,0:00,0:00,0:00,0:00,2,Y,Y,서울특별시 종로구청,02-2148-2564,2022-05-11
전동휠체어급속충전기,서울특별시,종로구,서울특별시 종로구 새문안로 55,37.57049685,126.9710752,1층 로비,9:00,20:00,9:00,19:00,9:00,19:00,2,Y,Y,서울특별시 종로구청,02-2148-2564,2022-05-11
전동휠체어급속충전기,서울특별시,종로구,서울특별시 종로구 세종대로 172,37.57218478,126.9768169,해치마당 9번출구,5:00,23:59,5:00,23:59,5:00,23:59,2,Y,Y,서울특별시 종로구청,02-2148-2564,2022-05-11
전동휠체어급속충전기,서울특별시,종로구,서울특별시 종로구 종로 55,37.57021449,126.983238,1호선 지하1층 대합실,5:00,0:00,5:00,0:00,5:00,0:00,2,Y,Y,서울특별시 종로구청,02-2148-2564,2022-05-11
전동휠체어급속충전기,서울특별시,종로구,서울특별시 종로구 종로 지하 129,37.57042804,126.992031,1호선 12번 출구 방향,5:00,0:00,5:00,0:00,5:00,0:00,2,Y,Y,서울특별시 종로구청,02-2148-2564,2022-05-11
전동휠체어급속충전기,서울특별시,종로구,서울특별시 종로구 종로 359,37.57336617,127.0167339,1호선 상선 승강장 2-2지점,5:00,0:00,5:00,0:00,5:00,0:00,2,Y,Y,서울특별시 종로구청,02-2148-2564,2022-05-11
전동휠체어급속충전기,서울특별시,종로구,서울특별시 종로구 율곡로 62,37.57672001,126.9858221,3호선 지하2층 대합실,5:00,0:00,5:00,0:00,5:00,0:00,2,Y,Y,서울특별시 종로구청,02-2148-2564,2022-05-11
전동휠체어급속충전기,서울특별시,종로구,서울특별시 종로구 대학로 120,37.5818372,127.0022796,4호선 2번 출구 모래함 옆,5:00,0:00,5:00,0:00,5:00,0:00,2,Y,Y,서울특별시 종로구청,02-2148-2564,2022-05-11
전동휠체어급속충전기,서울특별시,종로구,서울특별시 종로구 율곡로 308,37.57041351,127.0095447,4호선 8번 출구 방향,5:00,0:00,5:00,0:00,5:00,0:00,2,Y,Y,서울특별시 종로구청,02-2148-2564,2022-05-11
전동휠체어급속충전기,서울특별시,종로구,서울특별시 종로구 세종대로 175,37.57184786,126.9761683,5호선 8번 출구,5:00,0:00,5:00,0:00,5:00,0:00,2,Y,Y,서울특별시 종로구청,02-2148-2564,2022-05-11
전동휠체어급속충전기,서울특별시,종로구,서울특별시 종로구 삼봉로 43,37.57319787,126.9788134,별관 1층 민원실,9:00,18:00,0:00,0:00,0:00,0:00,2,Y,Y,서울특별시 종로구청,02-2148-2564,2022-05-11
전동휠체어급속충전기,서울특별시,종로구,서울특별시 종로구 자하문로19길 36,37.58183089,126.9692239,2층 엘리베이터 옆,9:00,18:00,0:00,0:00,0:00,0:00,2,Y,Y,서울특별시 종로구청,02-2148-2564,2022-05-11
신당종합사회복지관,서울특별시,중구,서울특별시 중구 동호로11길 22,37.55436136,127.0095231,신당종합사회복지관 1층 안내데스크 옆,9:00,19:00,0:00,0:00,0:00,0:00,2,N,Y,신당종합사회복지관,02-2231-1877,2022-03-03
중림종합사회복지관,서울특별시,중구,서울특별시 중구 서소문로6길 16,37.55943026,126.9662595,중림종합사회복지관 1층 안내데스크 앞,8:00,18:00,10:00,18:00,10:00,18:00,2,N,Y,중림종합사회복지관,02-362-3348,2022-03-03
이로움 교육지원센터,서울특별시,중구,서울특별시 중구 다산로 지하 38,37.547995,127.0068852,교육지원센터 이로움 지하출입구,9:00,18:00,9:00,18:00,0:00,0:00,2,N,Y,중구교육혁신센터 이로움,02-3396-4691,2022-03-03
약수역 6호선,서울특별시,중구,서울특별시 중구 다산로 지하 115,37.55389144,127.0101205,약수역 6호선 환승구간,5:30,23:59,5:30,23:59,5:30,23:59,2,N,Y,서울교통공사 약수역,02-6110-3331,2022-03-03
DDP 디자인장터,서울특별시,중구,서울특별시 중구 을지로 281,37.56801422,127.0109091,DDP 디자인장터 옆 벽면,0:00,23:59,0:00,23:59,0:00,23:59,2,N,Y,DDP,02-2153-0632,2022-03-03
국립중앙의료원,서울특별시,중구,서울특별시 중구 을지로 245,37.56772646,127.0054846,국립중앙의료원 1층 출입구,0:00,23:59,0:00,23:59,0:00,23:59,2,N,Y,국립중앙의료원,02-2260-7062,2022-03-03
동대문역사문화공원역 4호선,서울특별시,중구,서울특별시 중구 마른내로 지하 162,37.56457701,127.0059162,동대문역사문화공원역 4호선 지하2층 환승구간,5:30,23:59,5:30,23:59,5:30,23:59,2,N,Y,서울교통공사 동대문역사문화공원역,02-6110-4221,2022-03-03
중구종합복지센터,서울특별시,중구,서울특별시 중구 퇴계로 460,37.56509159,127.0227851,중구종합복지센터  1층 중문,0:00,23:59,0:00,23:59,0:00,23:59,2,N,Y,지체장애인협회 중구지회,02-2237-2471,2022-03-03
중구청,서울특별시,중구,서울특별시 중구 창경궁로 17,37.56412015,126.9980097,중구청 별관1층,9:00,18:00,0:00,0:00,0:00,0:00,1,N,N,서울특별시 중구청,02-3396-5374,2022-03-03
보건소,서울특별시,중구,서울특별시 중구 다산로39길 16,37.56458574,127.0150951,보건소 1층 엘리베이터옆,9:00,18:00,0:00,0:00,0:00,0:00,1,N,N,서울특별시 중구청,02-3396-5374,2022-03-03
구민회관,서울특별시,중구,서울특별시 중구 을지로39길 40,37.5689855,127.0057956,구민회관 1층 정문 현관옆,9:00,18:00,0:00,0:00,0:00,0:00,2,N,Y,서울특별시 중구청,02-3396-5374,2022-03-03
충무로역 4호선,서울특별시,중구,서울특별시 중구 퇴계로 지하 199,37.56117214,126.9941108,충무로역 4호선 지하1층,5:30,23:59,5:30,23:59,5:30,23:59,2,N,Y,서울교통공사 충무로역,02-6110-4231,2022-03-03
동대문역사문화공원역 2호선,서울특별시,중구,서울특별시 중구 을지로 281,37.56801422,127.0109091,동대문역사문화공원역 2호선 지하2층 환승구간,5:30,23:59,5:30,23:59,5:30,23:59,2,N,Y,서울교통공사 동대문역사문화공원역,02-6110-2051,2022-03-03
중랑경찰서,서울특별시,중랑구,서울특별시 중랑구 중랑역로3길 40-10,　,　,중랑경찰서 (종합민원실 1층 무인민원발급기 옆),9:00,18:00,0:00,0:00,0:00,0:00,2,Y,N,중랑구청 장애인복지과,02-2094-2482,2021-08-17
중랑구청,서울특별시,중랑구,서울특별시 중랑구 봉화산로 179,37.60656359,127.0927248,중랑구청 (세무과 옆),9:00,18:00,0:00,0:00,0:00,0:00,2,Y,N,중랑구청 장애인복지과,02-2094-2482,2021-08-17
중랑세무서,서울특별시,중랑구,서울특별시 중랑구 망우로 176,37.59270612,127.0724448,중랑세무서 (1층 대합실),9:00,18:00,0:00,0:00,0:00,0:00,2,Y,N,중랑구청 장애인복지과,02-2094-2482,2021-08-17
중랑우체국,서울특별시,중랑구,서울특별시 중랑구 망우로 271,37.59596944,127.0827062,중랑우체국 (건물 밖 오른쪽 유휴공간(실외)),0:00,0:00,0:00,0:00,0:00,0:00,2,Y,N,중랑구청 장애인복지과,02-2094-2482,2021-08-17
원광장애인복지관,서울특별시,중랑구,서울특별시 중랑구 신내로 56,37.60447047,127.0959157,원광장애인복지관 (지하1층 문옆),9:00,18:00,0:00,0:00,0:00,0:00,2,N,N,중랑구청 장애인복지과,02-2094-2482,2021-08-17
중랑노인복지관,서울특별시,중랑구,서울특별시 중랑구 겸재로9길 45,37.58843496,127.0778419,중랑노인복지관 (1층),9:00,18:00,0:00,0:00,0:00,0:00,2,N,N,중랑구청 장애인복지과,02-2094-2482,2021-08-17
서울의료원,서울특별시,중랑구,서울특별시 중랑구 신내로 156,37.61309131,127.099187,"서울의료원 (1층 무인발급기, 우리은행ATM기 근처)",0:00,0:00,0:00,0:00,0:00,0:00,2,Y,N,중랑구청 장애인복지과,02-2094-2482,2021-08-17
망우3동주민센터,서울특별시,중랑구,서울특별시 중랑구 겸재로61길 40,37.59189966,127.0949182,망우3동 주민센터 (쪽문 형광등 수거함 옆(실외)),0:00,0:00,0:00,0:00,0:00,0:00,2,Y,N,중랑구청 장애인복지과,02-2094-2482,2021-08-17
망우본동주민센터,서울특별시,중랑구,서울특별시 중랑구 망우로67길 10,37.60056056,127.1014853,망우본동 주민센터 (1층 출입문 근처),9:00,18:00,0:00,0:00,0:00,0:00,2,Y,N,중랑구청 장애인복지과,02-2094-2482,2021-08-17
면목5동주민센터,서울특별시,중랑구,서울특별시 중랑구 동일로 619,37.58575279,127.0794745,면목5동주민센터 (1층),9:00,18:00,0:00,0:00,0:00,0:00,2,N,N,중랑구청 장애인복지과,02-2094-2482,2021-08-17
신내역,서울특별시,중랑구,서울특별시 중랑구 신내역로 20,37.61279053,127.103222,신내역 (2층 화장실 옆 장소 ),5:00,0:00,5:00,0:00,5:00,0:00,2,Y,N,중랑구청 장애인복지과,02-2094-2482,2021-08-17
양원역,서울특별시,중랑구,서울특별시 중랑구 송림길 147,37.60655436,127.1079215,양원역 (1번출구 나가는 방향 가운데),5:00,0:00,5:00,0:00,5:00,0:00,2,Y,N,중랑구청 장애인복지과,02-2094-2482,2021-08-17
용마산역,서울특별시,중랑구,서울특별시 중랑구 용마산로 227,37.57403021,127.0870381,용마산역 (B1 화장실 출입문 앞 반대편 유휴공간),5:00,0:00,5:00,0:00,5:00,0:00,2,Y,N,중랑구청 장애인복지과,02-2094-2482,2021-08-17
중랑역,서울특별시,중랑구,서울특별시 중랑구 중랑역로 9,37.5948241,127.075729,중랑역 (엘리베이터 옆),5:00,0:00,5:00,0:00,5:00,0:00,2,N,N,중랑구청 장애인복지과,02-2094-2482,2021-08-17
중화역,서울특별시,중랑구,서울특별시 중랑구 동일로 797,37.6015797,127.0794692,"중화역 (B1층 대합실, 엘리베이터 옆)",5:00,0:00,5:00,0:00,5:00,0:00,2,Y,N,중랑구청 장애인복지과,02-2094-2482,2021-08-17
화랑대역,서울특별시,중랑구,서울특별시 노원구 화랑로 510,37.61989439,127.0837446,화랑대역 (B1층 대합실 이디야 왼쪽 여유공간),5:00,0:00,5:00,0:00,5:00,0:00,2,Y,N,중랑구청 장애인복지과,02-2094-2482,2021-08-17
구립직업재활센터,서울특별시,중랑구,서울특별시 중랑구 숙선옹주로9길 55,37.6173579,127.0836634,구립직업재활센터 (1층),9:00,18:00,0:00,0:00,0:00,0:00,2,N,N,중랑구청 장애인복지과,02-2094-2482,2021-08-17
면목사회복지관,서울특별시,중랑구,서울특별시 중랑구 용마산로 228,37.57416749,127.0883012,면목사회복지관 (1층),9:00,18:00,0:00,0:00,0:00,0:00,2,N,N,중랑구청 장애인복지과,02-2094-2482,2021-08-17
시립대종합사회복지관,서울특별시,중랑구,서울특별시 중랑구 신내로 115,37.60929753,127.0949042,서울시립대종합사회복지관 (1층),9:00,18:00,0:00,0:00,0:00,0:00,2,N,N,중랑구청 장애인복지과,02-2094-2482,2021-08-17
신내노인종합복지관,서울특별시,중랑구,서울특별시 중랑구 신내로15길 175,37.61481251,127.0878892,신내노인종합복지관 (1층),9:00,18:00,0:00,0:00,0:00,0:00,2,N,N,중랑구청 장애인복지과,02-2094-2482,2021-08-17
신내종합사회복지관,서울특별시,중랑구,서울특별시 중랑구 봉화산로 165,37.60539187,127.0916636,신내종합사회복지관 (1층),9:00,18:00,0:00,0:00,0:00,0:00,2,N,N,중랑구청 장애인복지과,02-2094-2482,2021-08-17
용마경로복지관,서울특별시,중랑구,서울특별시 중랑구 용마산로94길 98,37.58739985,127.1018199,용마경로복지관 (정문 옆 공간(실외)),0:00,0:00,0:00,0:00,0:00,0:00,2,Y,N,중랑구청 장애인복지과,02-2094-2482,2021-08-17
면목역,서울특별시,중랑구,서울특별시 중랑구 면목로 407,37.5883849,127.0875678,면목역 (개찰구 앞쪽),5:00,0:00,5:00,0:00,5:00,0:00,2,N,N,중랑구청 장애인복지과,02-2094-2482,2021-08-17
봉화산역,서울특별시,중랑구,서울특별시 중랑구 신내로 232,37.61765376,127.0907581,봉화산역 (B1층 임대상가(미샤) 좌측),5:00,0:00,5:00,0:00,5:00,0:00,2,Y,N,중랑구청 장애인복지과,02-2094-2482,2021-08-17
사가정역,서울특별시,중랑구,서울특별시 중랑구 사가정로 393,37.58079455,127.0884391,사가정역(개찰구 안쪽),5:00,0:00,5:00,0:00,5:00,0:00,2,N,N,중랑구청 장애인복지과,02-2094-2482,2021-08-17
상봉역,서울특별시,중랑구,서울특별시 중랑구 망우로 297,37.59671378,127.0854368,상봉역 (7번출구개찰구 앞쪽),5:00,0:00,5:00,0:00,5:00,0:00,2,N,N,중랑구청 장애인복지과,02-2094-2482,2021-08-17
망우역,서울특별시,중랑구,서울특별시 중랑구 망우로55길 11-10,37.59928762,127.0927566,망우역 (대합실),5:00,0:00,5:00,0:00,5:00,0:00,2,N,N,중랑구청 장애인복지과,02-2094-2482,2021-08-17
먹골역,서울특별시,중랑구,서울특별시 중랑구 동일로 901,37.61062506,127.0777648,먹골역 (B2층 아이센터 앞 수막밸브함 옆),5:00,0:00,5:00,0:00,5:00,0:00,2,Y,N,중랑구청 장애인복지과,02-2094-2482,2021-08-17
